lhs_profile	rhs_profile	third_profile	lhs_target_kind	rhs_target_kind	third_target_kind	status	behavior_class	result_type	result_profile	edge_case	edge_case_id	test_seed_class	diagnostic_class	notes
mixed.null	mixed.null		assignable_variable			supported	throws	mixed_t	float.zero	true	divide_assign.mixed.non_numeric	runtime_throw		Compound /= on mixed_t follows delegated numeric arithmetic, then writes the boxed result back into the lhs variable.
mixed.null	mixed.null		keyed_element			supported	throws	mixed_t	float.zero	true	divide_assign.mixed.non_numeric	runtime_throw		Compound /= on mixed_t follows delegated numeric arithmetic, then writes the boxed result back into the lhs keyed element.
mixed.null	mixed.bool.false		assignable_variable			supported	throws	mixed_t	float.zero	true	divide_assign.mixed.non_numeric	runtime_throw		Compound /= on mixed_t follows delegated numeric arithmetic, then writes the boxed result back into the lhs variable.
mixed.null	mixed.bool.false		keyed_element			supported	throws	mixed_t	float.zero	true	divide_assign.mixed.non_numeric	runtime_throw		Compound /= on mixed_t follows delegated numeric arithmetic, then writes the boxed result back into the lhs keyed element.
mixed.null	mixed.bool.true		assignable_variable			supported	throws	mixed_t	float.zero	true	divide_assign.mixed.non_numeric	runtime_throw		Compound /= on mixed_t follows delegated numeric arithmetic, then writes the boxed result back into the lhs variable.
mixed.null	mixed.bool.true		keyed_element			supported	throws	mixed_t	float.zero	true	divide_assign.mixed.non_numeric	runtime_throw		Compound /= on mixed_t follows delegated numeric arithmetic, then writes the boxed result back into the lhs keyed element.
mixed.null	mixed.int.zero		assignable_variable			supported	throws	mixed_t	float.zero	true	divide_assign.mixed.non_numeric	runtime_throw		Compound /= on mixed_t follows delegated numeric arithmetic, then writes the boxed result back into the lhs variable.
mixed.null	mixed.int.zero		keyed_element			supported	throws	mixed_t	float.zero	true	divide_assign.mixed.non_numeric	runtime_throw		Compound /= on mixed_t follows delegated numeric arithmetic, then writes the boxed result back into the lhs keyed element.
mixed.null	mixed.int.nonzero		assignable_variable			supported	throws	mixed_t	float.zero	true	divide_assign.mixed.non_numeric	runtime_throw		Compound /= on mixed_t follows delegated numeric arithmetic, then writes the boxed result back into the lhs variable.
mixed.null	mixed.int.nonzero		keyed_element			supported	throws	mixed_t	float.zero	true	divide_assign.mixed.non_numeric	runtime_throw		Compound /= on mixed_t follows delegated numeric arithmetic, then writes the boxed result back into the lhs keyed element.
mixed.null	mixed.float.zero		assignable_variable			supported	throws	mixed_t	float.zero	true	divide_assign.mixed.non_numeric	runtime_throw		Compound /= on mixed_t follows delegated numeric arithmetic, then writes the boxed result back into the lhs variable.
mixed.null	mixed.float.zero		keyed_element			supported	throws	mixed_t	float.zero	true	divide_assign.mixed.non_numeric	runtime_throw		Compound /= on mixed_t follows delegated numeric arithmetic, then writes the boxed result back into the lhs keyed element.
mixed.null	mixed.float.nonzero		assignable_variable			supported	throws	mixed_t	float.zero	true	divide_assign.mixed.non_numeric	runtime_throw		Compound /= on mixed_t follows delegated numeric arithmetic, then writes the boxed result back into the lhs variable.
mixed.null	mixed.float.nonzero		keyed_element			supported	throws	mixed_t	float.zero	true	divide_assign.mixed.non_numeric	runtime_throw		Compound /= on mixed_t follows delegated numeric arithmetic, then writes the boxed result back into the lhs keyed element.
mixed.null	mixed.string.empty		assignable_variable			supported	throws	mixed_t	float.zero	true	divide_assign.mixed.non_numeric	runtime_throw		Compound /= on mixed_t follows delegated numeric arithmetic, then writes the boxed result back into the lhs variable.
mixed.null	mixed.string.empty		keyed_element			supported	throws	mixed_t	float.zero	true	divide_assign.mixed.non_numeric	runtime_throw		Compound /= on mixed_t follows delegated numeric arithmetic, then writes the boxed result back into the lhs keyed element.
mixed.null	mixed.string.zero_string		assignable_variable			supported	throws	mixed_t	float.zero	true	divide_assign.mixed.non_numeric	runtime_throw		Compound /= on mixed_t follows delegated numeric arithmetic, then writes the boxed result back into the lhs variable.
mixed.null	mixed.string.zero_string		keyed_element			supported	throws	mixed_t	float.zero	true	divide_assign.mixed.non_numeric	runtime_throw		Compound /= on mixed_t follows delegated numeric arithmetic, then writes the boxed result back into the lhs keyed element.
mixed.null	mixed.string.bool_false_literal		assignable_variable			supported	throws	mixed_t	float.zero	true	divide_assign.mixed.non_numeric	runtime_throw		Compound /= on mixed_t follows delegated numeric arithmetic, then writes the boxed result back into the lhs variable.
mixed.null	mixed.string.bool_false_literal		keyed_element			supported	throws	mixed_t	float.zero	true	divide_assign.mixed.non_numeric	runtime_throw		Compound /= on mixed_t follows delegated numeric arithmetic, then writes the boxed result back into the lhs keyed element.
mixed.null	mixed.string.bool_true_literal		assignable_variable			supported	throws	mixed_t	float.zero	true	divide_assign.mixed.non_numeric	runtime_throw		Compound /= on mixed_t follows delegated numeric arithmetic, then writes the boxed result back into the lhs variable.
mixed.null	mixed.string.bool_true_literal		keyed_element			supported	throws	mixed_t	float.zero	true	divide_assign.mixed.non_numeric	runtime_throw		Compound /= on mixed_t follows delegated numeric arithmetic, then writes the boxed result back into the lhs keyed element.
mixed.null	mixed.string.nonempty_nonzero_nonbool_literal		assignable_variable			supported	throws	mixed_t	float.zero	true	divide_assign.mixed.non_numeric	runtime_throw		Compound /= on mixed_t follows delegated numeric arithmetic, then writes the boxed result back into the lhs variable.
mixed.null	mixed.string.nonempty_nonzero_nonbool_literal		keyed_element			supported	throws	mixed_t	float.zero	true	divide_assign.mixed.non_numeric	runtime_throw		Compound /= on mixed_t follows delegated numeric arithmetic, then writes the boxed result back into the lhs keyed element.
mixed.null	mixed.hash.empty		assignable_variable			supported	throws	mixed_t	float.zero	true	divide_assign.mixed.non_numeric	runtime_throw		Compound /= on mixed_t follows delegated numeric arithmetic, then writes the boxed result back into the lhs variable.
mixed.null	mixed.hash.empty		keyed_element			supported	throws	mixed_t	float.zero	true	divide_assign.mixed.non_numeric	runtime_throw		Compound /= on mixed_t follows delegated numeric arithmetic, then writes the boxed result back into the lhs keyed element.
mixed.null	mixed.hash.nonempty		assignable_variable			supported	throws	mixed_t	float.zero	true	divide_assign.mixed.non_numeric	runtime_throw		Compound /= on mixed_t follows delegated numeric arithmetic, then writes the boxed result back into the lhs variable.
mixed.null	mixed.hash.nonempty		keyed_element			supported	throws	mixed_t	float.zero	true	divide_assign.mixed.non_numeric	runtime_throw		Compound /= on mixed_t follows delegated numeric arithmetic, then writes the boxed result back into the lhs keyed element.
mixed.bool.false	mixed.null		assignable_variable			supported	throws	mixed_t	float.zero	true	divide_assign.mixed.non_numeric	runtime_throw		Compound /= on mixed_t follows delegated numeric arithmetic, then writes the boxed result back into the lhs variable.
mixed.bool.false	mixed.null		keyed_element			supported	throws	mixed_t	float.zero	true	divide_assign.mixed.non_numeric	runtime_throw		Compound /= on mixed_t follows delegated numeric arithmetic, then writes the boxed result back into the lhs keyed element.
mixed.bool.false	mixed.bool.false		assignable_variable			supported	throws	mixed_t	float.zero	true	divide_assign.mixed.non_numeric	runtime_throw		Compound /= on mixed_t follows delegated numeric arithmetic, then writes the boxed result back into the lhs variable.
mixed.bool.false	mixed.bool.false		keyed_element			supported	throws	mixed_t	float.zero	true	divide_assign.mixed.non_numeric	runtime_throw		Compound /= on mixed_t follows delegated numeric arithmetic, then writes the boxed result back into the lhs keyed element.
mixed.bool.false	mixed.bool.true		assignable_variable			supported	throws	mixed_t	float.zero	true	divide_assign.mixed.non_numeric	runtime_throw		Compound /= on mixed_t follows delegated numeric arithmetic, then writes the boxed result back into the lhs variable.
mixed.bool.false	mixed.bool.true		keyed_element			supported	throws	mixed_t	float.zero	true	divide_assign.mixed.non_numeric	runtime_throw		Compound /= on mixed_t follows delegated numeric arithmetic, then writes the boxed result back into the lhs keyed element.
mixed.bool.false	mixed.int.zero		assignable_variable			supported	throws	mixed_t	float.zero	true	divide_assign.mixed.non_numeric	runtime_throw		Compound /= on mixed_t follows delegated numeric arithmetic, then writes the boxed result back into the lhs variable.
mixed.bool.false	mixed.int.zero		keyed_element			supported	throws	mixed_t	float.zero	true	divide_assign.mixed.non_numeric	runtime_throw		Compound /= on mixed_t follows delegated numeric arithmetic, then writes the boxed result back into the lhs keyed element.
mixed.bool.false	mixed.int.nonzero		assignable_variable			supported	throws	mixed_t	float.zero	true	divide_assign.mixed.non_numeric	runtime_throw		Compound /= on mixed_t follows delegated numeric arithmetic, then writes the boxed result back into the lhs variable.
mixed.bool.false	mixed.int.nonzero		keyed_element			supported	throws	mixed_t	float.zero	true	divide_assign.mixed.non_numeric	runtime_throw		Compound /= on mixed_t follows delegated numeric arithmetic, then writes the boxed result back into the lhs keyed element.
mixed.bool.false	mixed.float.zero		assignable_variable			supported	throws	mixed_t	float.zero	true	divide_assign.mixed.non_numeric	runtime_throw		Compound /= on mixed_t follows delegated numeric arithmetic, then writes the boxed result back into the lhs variable.
mixed.bool.false	mixed.float.zero		keyed_element			supported	throws	mixed_t	float.zero	true	divide_assign.mixed.non_numeric	runtime_throw		Compound /= on mixed_t follows delegated numeric arithmetic, then writes the boxed result back into the lhs keyed element.
mixed.bool.false	mixed.float.nonzero		assignable_variable			supported	throws	mixed_t	float.zero	true	divide_assign.mixed.non_numeric	runtime_throw		Compound /= on mixed_t follows delegated numeric arithmetic, then writes the boxed result back into the lhs variable.
mixed.bool.false	mixed.float.nonzero		keyed_element			supported	throws	mixed_t	float.zero	true	divide_assign.mixed.non_numeric	runtime_throw		Compound /= on mixed_t follows delegated numeric arithmetic, then writes the boxed result back into the lhs keyed element.
mixed.bool.false	mixed.string.empty		assignable_variable			supported	throws	mixed_t	float.zero	true	divide_assign.mixed.non_numeric	runtime_throw		Compound /= on mixed_t follows delegated numeric arithmetic, then writes the boxed result back into the lhs variable.
mixed.bool.false	mixed.string.empty		keyed_element			supported	throws	mixed_t	float.zero	true	divide_assign.mixed.non_numeric	runtime_throw		Compound /= on mixed_t follows delegated numeric arithmetic, then writes the boxed result back into the lhs keyed element.
mixed.bool.false	mixed.string.zero_string		assignable_variable			supported	throws	mixed_t	float.zero	true	divide_assign.mixed.non_numeric	runtime_throw		Compound /= on mixed_t follows delegated numeric arithmetic, then writes the boxed result back into the lhs variable.
mixed.bool.false	mixed.string.zero_string		keyed_element			supported	throws	mixed_t	float.zero	true	divide_assign.mixed.non_numeric	runtime_throw		Compound /= on mixed_t follows delegated numeric arithmetic, then writes the boxed result back into the lhs keyed element.
mixed.bool.false	mixed.string.bool_false_literal		assignable_variable			supported	throws	mixed_t	float.zero	true	divide_assign.mixed.non_numeric	runtime_throw		Compound /= on mixed_t follows delegated numeric arithmetic, then writes the boxed result back into the lhs variable.
mixed.bool.false	mixed.string.bool_false_literal		keyed_element			supported	throws	mixed_t	float.zero	true	divide_assign.mixed.non_numeric	runtime_throw		Compound /= on mixed_t follows delegated numeric arithmetic, then writes the boxed result back into the lhs keyed element.
mixed.bool.false	mixed.string.bool_true_literal		assignable_variable			supported	throws	mixed_t	float.zero	true	divide_assign.mixed.non_numeric	runtime_throw		Compound /= on mixed_t follows delegated numeric arithmetic, then writes the boxed result back into the lhs variable.
mixed.bool.false	mixed.string.bool_true_literal		keyed_element			supported	throws	mixed_t	float.zero	true	divide_assign.mixed.non_numeric	runtime_throw		Compound /= on mixed_t follows delegated numeric arithmetic, then writes the boxed result back into the lhs keyed element.
mixed.bool.false	mixed.string.nonempty_nonzero_nonbool_literal		assignable_variable			supported	throws	mixed_t	float.zero	true	divide_assign.mixed.non_numeric	runtime_throw		Compound /= on mixed_t follows delegated numeric arithmetic, then writes the boxed result back into the lhs variable.
mixed.bool.false	mixed.string.nonempty_nonzero_nonbool_literal		keyed_element			supported	throws	mixed_t	float.zero	true	divide_assign.mixed.non_numeric	runtime_throw		Compound /= on mixed_t follows delegated numeric arithmetic, then writes the boxed result back into the lhs keyed element.
mixed.bool.false	mixed.hash.empty		assignable_variable			supported	throws	mixed_t	float.zero	true	divide_assign.mixed.non_numeric	runtime_throw		Compound /= on mixed_t follows delegated numeric arithmetic, then writes the boxed result back into the lhs variable.
mixed.bool.false	mixed.hash.empty		keyed_element			supported	throws	mixed_t	float.zero	true	divide_assign.mixed.non_numeric	runtime_throw		Compound /= on mixed_t follows delegated numeric arithmetic, then writes the boxed result back into the lhs keyed element.
mixed.bool.false	mixed.hash.nonempty		assignable_variable			supported	throws	mixed_t	float.zero	true	divide_assign.mixed.non_numeric	runtime_throw		Compound /= on mixed_t follows delegated numeric arithmetic, then writes the boxed result back into the lhs variable.
mixed.bool.false	mixed.hash.nonempty		keyed_element			supported	throws	mixed_t	float.zero	true	divide_assign.mixed.non_numeric	runtime_throw		Compound /= on mixed_t follows delegated numeric arithmetic, then writes the boxed result back into the lhs keyed element.
mixed.bool.true	mixed.null		assignable_variable			supported	throws	mixed_t	float.zero	true	divide_assign.mixed.non_numeric	runtime_throw		Compound /= on mixed_t follows delegated numeric arithmetic, then writes the boxed result back into the lhs variable.
mixed.bool.true	mixed.null		keyed_element			supported	throws	mixed_t	float.zero	true	divide_assign.mixed.non_numeric	runtime_throw		Compound /= on mixed_t follows delegated numeric arithmetic, then writes the boxed result back into the lhs keyed element.
mixed.bool.true	mixed.bool.false		assignable_variable			supported	throws	mixed_t	float.zero	true	divide_assign.mixed.non_numeric	runtime_throw		Compound /= on mixed_t follows delegated numeric arithmetic, then writes the boxed result back into the lhs variable.
mixed.bool.true	mixed.bool.false		keyed_element			supported	throws	mixed_t	float.zero	true	divide_assign.mixed.non_numeric	runtime_throw		Compound /= on mixed_t follows delegated numeric arithmetic, then writes the boxed result back into the lhs keyed element.
mixed.bool.true	mixed.bool.true		assignable_variable			supported	throws	mixed_t	float.zero	true	divide_assign.mixed.non_numeric	runtime_throw		Compound /= on mixed_t follows delegated numeric arithmetic, then writes the boxed result back into the lhs variable.
mixed.bool.true	mixed.bool.true		keyed_element			supported	throws	mixed_t	float.zero	true	divide_assign.mixed.non_numeric	runtime_throw		Compound /= on mixed_t follows delegated numeric arithmetic, then writes the boxed result back into the lhs keyed element.
mixed.bool.true	mixed.int.zero		assignable_variable			supported	throws	mixed_t	float.zero	true	divide_assign.mixed.non_numeric	runtime_throw		Compound /= on mixed_t follows delegated numeric arithmetic, then writes the boxed result back into the lhs variable.
mixed.bool.true	mixed.int.zero		keyed_element			supported	throws	mixed_t	float.zero	true	divide_assign.mixed.non_numeric	runtime_throw		Compound /= on mixed_t follows delegated numeric arithmetic, then writes the boxed result back into the lhs keyed element.
mixed.bool.true	mixed.int.nonzero		assignable_variable			supported	throws	mixed_t	float.zero	true	divide_assign.mixed.non_numeric	runtime_throw		Compound /= on mixed_t follows delegated numeric arithmetic, then writes the boxed result back into the lhs variable.
mixed.bool.true	mixed.int.nonzero		keyed_element			supported	throws	mixed_t	float.zero	true	divide_assign.mixed.non_numeric	runtime_throw		Compound /= on mixed_t follows delegated numeric arithmetic, then writes the boxed result back into the lhs keyed element.
mixed.bool.true	mixed.float.zero		assignable_variable			supported	throws	mixed_t	float.zero	true	divide_assign.mixed.non_numeric	runtime_throw		Compound /= on mixed_t follows delegated numeric arithmetic, then writes the boxed result back into the lhs variable.
mixed.bool.true	mixed.float.zero		keyed_element			supported	throws	mixed_t	float.zero	true	divide_assign.mixed.non_numeric	runtime_throw		Compound /= on mixed_t follows delegated numeric arithmetic, then writes the boxed result back into the lhs keyed element.
mixed.bool.true	mixed.float.nonzero		assignable_variable			supported	throws	mixed_t	float.zero	true	divide_assign.mixed.non_numeric	runtime_throw		Compound /= on mixed_t follows delegated numeric arithmetic, then writes the boxed result back into the lhs variable.
mixed.bool.true	mixed.float.nonzero		keyed_element			supported	throws	mixed_t	float.zero	true	divide_assign.mixed.non_numeric	runtime_throw		Compound /= on mixed_t follows delegated numeric arithmetic, then writes the boxed result back into the lhs keyed element.
mixed.bool.true	mixed.string.empty		assignable_variable			supported	throws	mixed_t	float.zero	true	divide_assign.mixed.non_numeric	runtime_throw		Compound /= on mixed_t follows delegated numeric arithmetic, then writes the boxed result back into the lhs variable.
mixed.bool.true	mixed.string.empty		keyed_element			supported	throws	mixed_t	float.zero	true	divide_assign.mixed.non_numeric	runtime_throw		Compound /= on mixed_t follows delegated numeric arithmetic, then writes the boxed result back into the lhs keyed element.
mixed.bool.true	mixed.string.zero_string		assignable_variable			supported	throws	mixed_t	float.zero	true	divide_assign.mixed.non_numeric	runtime_throw		Compound /= on mixed_t follows delegated numeric arithmetic, then writes the boxed result back into the lhs variable.
mixed.bool.true	mixed.string.zero_string		keyed_element			supported	throws	mixed_t	float.zero	true	divide_assign.mixed.non_numeric	runtime_throw		Compound /= on mixed_t follows delegated numeric arithmetic, then writes the boxed result back into the lhs keyed element.
mixed.bool.true	mixed.string.bool_false_literal		assignable_variable			supported	throws	mixed_t	float.zero	true	divide_assign.mixed.non_numeric	runtime_throw		Compound /= on mixed_t follows delegated numeric arithmetic, then writes the boxed result back into the lhs variable.
mixed.bool.true	mixed.string.bool_false_literal		keyed_element			supported	throws	mixed_t	float.zero	true	divide_assign.mixed.non_numeric	runtime_throw		Compound /= on mixed_t follows delegated numeric arithmetic, then writes the boxed result back into the lhs keyed element.
mixed.bool.true	mixed.string.bool_true_literal		assignable_variable			supported	throws	mixed_t	float.zero	true	divide_assign.mixed.non_numeric	runtime_throw		Compound /= on mixed_t follows delegated numeric arithmetic, then writes the boxed result back into the lhs variable.
mixed.bool.true	mixed.string.bool_true_literal		keyed_element			supported	throws	mixed_t	float.zero	true	divide_assign.mixed.non_numeric	runtime_throw		Compound /= on mixed_t follows delegated numeric arithmetic, then writes the boxed result back into the lhs keyed element.
mixed.bool.true	mixed.string.nonempty_nonzero_nonbool_literal		assignable_variable			supported	throws	mixed_t	float.zero	true	divide_assign.mixed.non_numeric	runtime_throw		Compound /= on mixed_t follows delegated numeric arithmetic, then writes the boxed result back into the lhs variable.
mixed.bool.true	mixed.string.nonempty_nonzero_nonbool_literal		keyed_element			supported	throws	mixed_t	float.zero	true	divide_assign.mixed.non_numeric	runtime_throw		Compound /= on mixed_t follows delegated numeric arithmetic, then writes the boxed result back into the lhs keyed element.
mixed.bool.true	mixed.hash.empty		assignable_variable			supported	throws	mixed_t	float.zero	true	divide_assign.mixed.non_numeric	runtime_throw		Compound /= on mixed_t follows delegated numeric arithmetic, then writes the boxed result back into the lhs variable.
mixed.bool.true	mixed.hash.empty		keyed_element			supported	throws	mixed_t	float.zero	true	divide_assign.mixed.non_numeric	runtime_throw		Compound /= on mixed_t follows delegated numeric arithmetic, then writes the boxed result back into the lhs keyed element.
mixed.bool.true	mixed.hash.nonempty		assignable_variable			supported	throws	mixed_t	float.zero	true	divide_assign.mixed.non_numeric	runtime_throw		Compound /= on mixed_t follows delegated numeric arithmetic, then writes the boxed result back into the lhs variable.
mixed.bool.true	mixed.hash.nonempty		keyed_element			supported	throws	mixed_t	float.zero	true	divide_assign.mixed.non_numeric	runtime_throw		Compound /= on mixed_t follows delegated numeric arithmetic, then writes the boxed result back into the lhs keyed element.
mixed.int.zero	mixed.null		assignable_variable			supported	throws	mixed_t	float.zero	true	divide_assign.mixed.non_numeric	runtime_throw		Compound /= on mixed_t follows delegated numeric arithmetic, then writes the boxed result back into the lhs variable.
mixed.int.zero	mixed.null		keyed_element			supported	throws	mixed_t	float.zero	true	divide_assign.mixed.non_numeric	runtime_throw		Compound /= on mixed_t follows delegated numeric arithmetic, then writes the boxed result back into the lhs keyed element.
mixed.int.zero	mixed.bool.false		assignable_variable			supported	throws	mixed_t	float.zero	true	divide_assign.mixed.non_numeric	runtime_throw		Compound /= on mixed_t follows delegated numeric arithmetic, then writes the boxed result back into the lhs variable.
mixed.int.zero	mixed.bool.false		keyed_element			supported	throws	mixed_t	float.zero	true	divide_assign.mixed.non_numeric	runtime_throw		Compound /= on mixed_t follows delegated numeric arithmetic, then writes the boxed result back into the lhs keyed element.
mixed.int.zero	mixed.bool.true		assignable_variable			supported	throws	mixed_t	float.zero	true	divide_assign.mixed.non_numeric	runtime_throw		Compound /= on mixed_t follows delegated numeric arithmetic, then writes the boxed result back into the lhs variable.
mixed.int.zero	mixed.bool.true		keyed_element			supported	throws	mixed_t	float.zero	true	divide_assign.mixed.non_numeric	runtime_throw		Compound /= on mixed_t follows delegated numeric arithmetic, then writes the boxed result back into the lhs keyed element.
mixed.int.zero	mixed.int.zero		assignable_variable			supported	throws	mixed_t	int.zero	true	divide_assign.rhs.zero	runtime_throw	division_by_zero	Compound /= on mixed_t follows delegated numeric arithmetic, then writes the boxed result back into the lhs variable.
mixed.int.zero	mixed.int.zero		keyed_element			supported	throws	mixed_t	int.zero	true	divide_assign.rhs.zero	runtime_throw	division_by_zero	Compound /= on mixed_t follows delegated numeric arithmetic, then writes the boxed result back into the lhs keyed element.
mixed.int.zero	mixed.int.nonzero		assignable_variable			supported	deterministic_value	mixed_t	mixed.int.zero	true	divide_assign.int_zero.int_nonzero	runtime_success		Compound /= on mixed_t follows delegated numeric arithmetic, then writes the boxed result back into the lhs variable.
mixed.int.zero	mixed.int.nonzero		keyed_element			supported	deterministic_value	mixed_t	mixed.int.zero	true	divide_assign.int_zero.int_nonzero	runtime_success		Compound /= on mixed_t follows delegated numeric arithmetic, then writes the boxed result back into the lhs keyed element.
mixed.int.zero	mixed.float.zero		assignable_variable			supported	throws	mixed_t	float.zero	true	divide_assign.rhs.zero	runtime_throw	division_by_zero	Compound /= on mixed_t follows delegated numeric arithmetic, then writes the boxed result back into the lhs variable.
mixed.int.zero	mixed.float.zero		keyed_element			supported	throws	mixed_t	float.zero	true	divide_assign.rhs.zero	runtime_throw	division_by_zero	Compound /= on mixed_t follows delegated numeric arithmetic, then writes the boxed result back into the lhs keyed element.
mixed.int.zero	mixed.float.nonzero		assignable_variable			supported	deterministic_value	mixed_t	mixed.float.zero	true	divide_assign.int_zero.float_nonzero	runtime_success		Compound /= on mixed_t follows delegated numeric arithmetic, then writes the boxed result back into the lhs variable.
mixed.int.zero	mixed.float.nonzero		keyed_element			supported	deterministic_value	mixed_t	mixed.float.zero	true	divide_assign.int_zero.float_nonzero	runtime_success		Compound /= on mixed_t follows delegated numeric arithmetic, then writes the boxed result back into the lhs keyed element.
mixed.int.zero	mixed.string.empty		assignable_variable			supported	throws	mixed_t	float.zero	true	divide_assign.mixed.non_numeric	runtime_throw		Compound /= on mixed_t follows delegated numeric arithmetic, then writes the boxed result back into the lhs variable.
mixed.int.zero	mixed.string.empty		keyed_element			supported	throws	mixed_t	float.zero	true	divide_assign.mixed.non_numeric	runtime_throw		Compound /= on mixed_t follows delegated numeric arithmetic, then writes the boxed result back into the lhs keyed element.
mixed.int.zero	mixed.string.zero_string		assignable_variable			supported	throws	mixed_t	float.zero	true	divide_assign.mixed.non_numeric	runtime_throw		Compound /= on mixed_t follows delegated numeric arithmetic, then writes the boxed result back into the lhs variable.
mixed.int.zero	mixed.string.zero_string		keyed_element			supported	throws	mixed_t	float.zero	true	divide_assign.mixed.non_numeric	runtime_throw		Compound /= on mixed_t follows delegated numeric arithmetic, then writes the boxed result back into the lhs keyed element.
mixed.int.zero	mixed.string.bool_false_literal		assignable_variable			supported	throws	mixed_t	float.zero	true	divide_assign.mixed.non_numeric	runtime_throw		Compound /= on mixed_t follows delegated numeric arithmetic, then writes the boxed result back into the lhs variable.
mixed.int.zero	mixed.string.bool_false_literal		keyed_element			supported	throws	mixed_t	float.zero	true	divide_assign.mixed.non_numeric	runtime_throw		Compound /= on mixed_t follows delegated numeric arithmetic, then writes the boxed result back into the lhs keyed element.
mixed.int.zero	mixed.string.bool_true_literal		assignable_variable			supported	throws	mixed_t	float.zero	true	divide_assign.mixed.non_numeric	runtime_throw		Compound /= on mixed_t follows delegated numeric arithmetic, then writes the boxed result back into the lhs variable.
mixed.int.zero	mixed.string.bool_true_literal		keyed_element			supported	throws	mixed_t	float.zero	true	divide_assign.mixed.non_numeric	runtime_throw		Compound /= on mixed_t follows delegated numeric arithmetic, then writes the boxed result back into the lhs keyed element.
mixed.int.zero	mixed.string.nonempty_nonzero_nonbool_literal		assignable_variable			supported	throws	mixed_t	float.zero	true	divide_assign.mixed.non_numeric	runtime_throw		Compound /= on mixed_t follows delegated numeric arithmetic, then writes the boxed result back into the lhs variable.
mixed.int.zero	mixed.string.nonempty_nonzero_nonbool_literal		keyed_element			supported	throws	mixed_t	float.zero	true	divide_assign.mixed.non_numeric	runtime_throw		Compound /= on mixed_t follows delegated numeric arithmetic, then writes the boxed result back into the lhs keyed element.
mixed.int.zero	mixed.hash.empty		assignable_variable			supported	throws	mixed_t	float.zero	true	divide_assign.mixed.non_numeric	runtime_throw		Compound /= on mixed_t follows delegated numeric arithmetic, then writes the boxed result back into the lhs variable.
mixed.int.zero	mixed.hash.empty		keyed_element			supported	throws	mixed_t	float.zero	true	divide_assign.mixed.non_numeric	runtime_throw		Compound /= on mixed_t follows delegated numeric arithmetic, then writes the boxed result back into the lhs keyed element.
mixed.int.zero	mixed.hash.nonempty		assignable_variable			supported	throws	mixed_t	float.zero	true	divide_assign.mixed.non_numeric	runtime_throw		Compound /= on mixed_t follows delegated numeric arithmetic, then writes the boxed result back into the lhs variable.
mixed.int.zero	mixed.hash.nonempty		keyed_element			supported	throws	mixed_t	float.zero	true	divide_assign.mixed.non_numeric	runtime_throw		Compound /= on mixed_t follows delegated numeric arithmetic, then writes the boxed result back into the lhs keyed element.
mixed.int.nonzero	mixed.null		assignable_variable			supported	throws	mixed_t	float.zero	true	divide_assign.mixed.non_numeric	runtime_throw		Compound /= on mixed_t follows delegated numeric arithmetic, then writes the boxed result back into the lhs variable.
mixed.int.nonzero	mixed.null		keyed_element			supported	throws	mixed_t	float.zero	true	divide_assign.mixed.non_numeric	runtime_throw		Compound /= on mixed_t follows delegated numeric arithmetic, then writes the boxed result back into the lhs keyed element.
mixed.int.nonzero	mixed.bool.false		assignable_variable			supported	throws	mixed_t	float.zero	true	divide_assign.mixed.non_numeric	runtime_throw		Compound /= on mixed_t follows delegated numeric arithmetic, then writes the boxed result back into the lhs variable.
mixed.int.nonzero	mixed.bool.false		keyed_element			supported	throws	mixed_t	float.zero	true	divide_assign.mixed.non_numeric	runtime_throw		Compound /= on mixed_t follows delegated numeric arithmetic, then writes the boxed result back into the lhs keyed element.
mixed.int.nonzero	mixed.bool.true		assignable_variable			supported	throws	mixed_t	float.zero	true	divide_assign.mixed.non_numeric	runtime_throw		Compound /= on mixed_t follows delegated numeric arithmetic, then writes the boxed result back into the lhs variable.
mixed.int.nonzero	mixed.bool.true		keyed_element			supported	throws	mixed_t	float.zero	true	divide_assign.mixed.non_numeric	runtime_throw		Compound /= on mixed_t follows delegated numeric arithmetic, then writes the boxed result back into the lhs keyed element.
mixed.int.nonzero	mixed.int.zero		assignable_variable			supported	throws	mixed_t	int.zero	true	divide_assign.rhs.zero	runtime_throw	division_by_zero	Compound /= on mixed_t follows delegated numeric arithmetic, then writes the boxed result back into the lhs variable.
mixed.int.nonzero	mixed.int.zero		keyed_element			supported	throws	mixed_t	int.zero	true	divide_assign.rhs.zero	runtime_throw	division_by_zero	Compound /= on mixed_t follows delegated numeric arithmetic, then writes the boxed result back into the lhs keyed element.
mixed.int.nonzero	mixed.int.nonzero		assignable_variable			supported	deterministic_value	mixed_t	mixed.int.one	true	divide_assign.int_nonzero.int_nonzero	runtime_success		Compound /= on mixed_t follows delegated numeric arithmetic, then writes the boxed result back into the lhs variable.
mixed.int.nonzero	mixed.int.nonzero		keyed_element			supported	deterministic_value	mixed_t	mixed.int.one	true	divide_assign.int_nonzero.int_nonzero	runtime_success		Compound /= on mixed_t follows delegated numeric arithmetic, then writes the boxed result back into the lhs keyed element.
mixed.int.nonzero	mixed.float.zero		assignable_variable			supported	throws	mixed_t	float.zero	true	divide_assign.rhs.zero	runtime_throw	division_by_zero	Compound /= on mixed_t follows delegated numeric arithmetic, then writes the boxed result back into the lhs variable.
mixed.int.nonzero	mixed.float.zero		keyed_element			supported	throws	mixed_t	float.zero	true	divide_assign.rhs.zero	runtime_throw	division_by_zero	Compound /= on mixed_t follows delegated numeric arithmetic, then writes the boxed result back into the lhs keyed element.
mixed.int.nonzero	mixed.float.nonzero		assignable_variable			supported	deterministic_value	mixed_t	mixed.float.two	true	divide_assign.int_nonzero.float_nonzero	runtime_success		Compound /= on mixed_t follows delegated numeric arithmetic, then writes the boxed result back into the lhs variable.
mixed.int.nonzero	mixed.float.nonzero		keyed_element			supported	deterministic_value	mixed_t	mixed.float.two	true	divide_assign.int_nonzero.float_nonzero	runtime_success		Compound /= on mixed_t follows delegated numeric arithmetic, then writes the boxed result back into the lhs keyed element.
mixed.int.nonzero	mixed.string.empty		assignable_variable			supported	throws	mixed_t	float.zero	true	divide_assign.mixed.non_numeric	runtime_throw		Compound /= on mixed_t follows delegated numeric arithmetic, then writes the boxed result back into the lhs variable.
mixed.int.nonzero	mixed.string.empty		keyed_element			supported	throws	mixed_t	float.zero	true	divide_assign.mixed.non_numeric	runtime_throw		Compound /= on mixed_t follows delegated numeric arithmetic, then writes the boxed result back into the lhs keyed element.
mixed.int.nonzero	mixed.string.zero_string		assignable_variable			supported	throws	mixed_t	float.zero	true	divide_assign.mixed.non_numeric	runtime_throw		Compound /= on mixed_t follows delegated numeric arithmetic, then writes the boxed result back into the lhs variable.
mixed.int.nonzero	mixed.string.zero_string		keyed_element			supported	throws	mixed_t	float.zero	true	divide_assign.mixed.non_numeric	runtime_throw		Compound /= on mixed_t follows delegated numeric arithmetic, then writes the boxed result back into the lhs keyed element.
mixed.int.nonzero	mixed.string.bool_false_literal		assignable_variable			supported	throws	mixed_t	float.zero	true	divide_assign.mixed.non_numeric	runtime_throw		Compound /= on mixed_t follows delegated numeric arithmetic, then writes the boxed result back into the lhs variable.
mixed.int.nonzero	mixed.string.bool_false_literal		keyed_element			supported	throws	mixed_t	float.zero	true	divide_assign.mixed.non_numeric	runtime_throw		Compound /= on mixed_t follows delegated numeric arithmetic, then writes the boxed result back into the lhs keyed element.
mixed.int.nonzero	mixed.string.bool_true_literal		assignable_variable			supported	throws	mixed_t	float.zero	true	divide_assign.mixed.non_numeric	runtime_throw		Compound /= on mixed_t follows delegated numeric arithmetic, then writes the boxed result back into the lhs variable.
mixed.int.nonzero	mixed.string.bool_true_literal		keyed_element			supported	throws	mixed_t	float.zero	true	divide_assign.mixed.non_numeric	runtime_throw		Compound /= on mixed_t follows delegated numeric arithmetic, then writes the boxed result back into the lhs keyed element.
mixed.int.nonzero	mixed.string.nonempty_nonzero_nonbool_literal		assignable_variable			supported	throws	mixed_t	float.zero	true	divide_assign.mixed.non_numeric	runtime_throw		Compound /= on mixed_t follows delegated numeric arithmetic, then writes the boxed result back into the lhs variable.
mixed.int.nonzero	mixed.string.nonempty_nonzero_nonbool_literal		keyed_element			supported	throws	mixed_t	float.zero	true	divide_assign.mixed.non_numeric	runtime_throw		Compound /= on mixed_t follows delegated numeric arithmetic, then writes the boxed result back into the lhs keyed element.
mixed.int.nonzero	mixed.hash.empty		assignable_variable			supported	throws	mixed_t	float.zero	true	divide_assign.mixed.non_numeric	runtime_throw		Compound /= on mixed_t follows delegated numeric arithmetic, then writes the boxed result back into the lhs variable.
mixed.int.nonzero	mixed.hash.empty		keyed_element			supported	throws	mixed_t	float.zero	true	divide_assign.mixed.non_numeric	runtime_throw		Compound /= on mixed_t follows delegated numeric arithmetic, then writes the boxed result back into the lhs keyed element.
mixed.int.nonzero	mixed.hash.nonempty		assignable_variable			supported	throws	mixed_t	float.zero	true	divide_assign.mixed.non_numeric	runtime_throw		Compound /= on mixed_t follows delegated numeric arithmetic, then writes the boxed result back into the lhs variable.
mixed.int.nonzero	mixed.hash.nonempty		keyed_element			supported	throws	mixed_t	float.zero	true	divide_assign.mixed.non_numeric	runtime_throw		Compound /= on mixed_t follows delegated numeric arithmetic, then writes the boxed result back into the lhs keyed element.
mixed.float.zero	mixed.null		assignable_variable			supported	throws	mixed_t	float.zero	true	divide_assign.mixed.non_numeric	runtime_throw		Compound /= on mixed_t follows delegated numeric arithmetic, then writes the boxed result back into the lhs variable.
mixed.float.zero	mixed.null		keyed_element			supported	throws	mixed_t	float.zero	true	divide_assign.mixed.non_numeric	runtime_throw		Compound /= on mixed_t follows delegated numeric arithmetic, then writes the boxed result back into the lhs keyed element.
mixed.float.zero	mixed.bool.false		assignable_variable			supported	throws	mixed_t	float.zero	true	divide_assign.mixed.non_numeric	runtime_throw		Compound /= on mixed_t follows delegated numeric arithmetic, then writes the boxed result back into the lhs variable.
mixed.float.zero	mixed.bool.false		keyed_element			supported	throws	mixed_t	float.zero	true	divide_assign.mixed.non_numeric	runtime_throw		Compound /= on mixed_t follows delegated numeric arithmetic, then writes the boxed result back into the lhs keyed element.
mixed.float.zero	mixed.bool.true		assignable_variable			supported	throws	mixed_t	float.zero	true	divide_assign.mixed.non_numeric	runtime_throw		Compound /= on mixed_t follows delegated numeric arithmetic, then writes the boxed result back into the lhs variable.
mixed.float.zero	mixed.bool.true		keyed_element			supported	throws	mixed_t	float.zero	true	divide_assign.mixed.non_numeric	runtime_throw		Compound /= on mixed_t follows delegated numeric arithmetic, then writes the boxed result back into the lhs keyed element.
mixed.float.zero	mixed.int.zero		assignable_variable			supported	throws	mixed_t	float.zero	true	divide_assign.rhs.zero	runtime_throw	division_by_zero	Compound /= on mixed_t follows delegated numeric arithmetic, then writes the boxed result back into the lhs variable.
mixed.float.zero	mixed.int.zero		keyed_element			supported	throws	mixed_t	float.zero	true	divide_assign.rhs.zero	runtime_throw	division_by_zero	Compound /= on mixed_t follows delegated numeric arithmetic, then writes the boxed result back into the lhs keyed element.
mixed.float.zero	mixed.int.nonzero		assignable_variable			supported	deterministic_value	mixed_t	mixed.float.zero	true	divide_assign.float_zero.int_nonzero	runtime_success		Compound /= on mixed_t follows delegated numeric arithmetic, then writes the boxed result back into the lhs variable.
mixed.float.zero	mixed.int.nonzero		keyed_element			supported	deterministic_value	mixed_t	mixed.float.zero	true	divide_assign.float_zero.int_nonzero	runtime_success		Compound /= on mixed_t follows delegated numeric arithmetic, then writes the boxed result back into the lhs keyed element.
mixed.float.zero	mixed.float.zero		assignable_variable			supported	throws	mixed_t	float.zero	true	divide_assign.rhs.zero	runtime_throw	division_by_zero	Compound /= on mixed_t follows delegated numeric arithmetic, then writes the boxed result back into the lhs variable.
mixed.float.zero	mixed.float.zero		keyed_element			supported	throws	mixed_t	float.zero	true	divide_assign.rhs.zero	runtime_throw	division_by_zero	Compound /= on mixed_t follows delegated numeric arithmetic, then writes the boxed result back into the lhs keyed element.
mixed.float.zero	mixed.float.nonzero		assignable_variable			supported	deterministic_value	mixed_t	mixed.float.zero	true	divide_assign.float_zero.float_nonzero	runtime_success		Compound /= on mixed_t follows delegated numeric arithmetic, then writes the boxed result back into the lhs variable.
mixed.float.zero	mixed.float.nonzero		keyed_element			supported	deterministic_value	mixed_t	mixed.float.zero	true	divide_assign.float_zero.float_nonzero	runtime_success		Compound /= on mixed_t follows delegated numeric arithmetic, then writes the boxed result back into the lhs keyed element.
mixed.float.zero	mixed.string.empty		assignable_variable			supported	throws	mixed_t	float.zero	true	divide_assign.mixed.non_numeric	runtime_throw		Compound /= on mixed_t follows delegated numeric arithmetic, then writes the boxed result back into the lhs variable.
mixed.float.zero	mixed.string.empty		keyed_element			supported	throws	mixed_t	float.zero	true	divide_assign.mixed.non_numeric	runtime_throw		Compound /= on mixed_t follows delegated numeric arithmetic, then writes the boxed result back into the lhs keyed element.
mixed.float.zero	mixed.string.zero_string		assignable_variable			supported	throws	mixed_t	float.zero	true	divide_assign.mixed.non_numeric	runtime_throw		Compound /= on mixed_t follows delegated numeric arithmetic, then writes the boxed result back into the lhs variable.
mixed.float.zero	mixed.string.zero_string		keyed_element			supported	throws	mixed_t	float.zero	true	divide_assign.mixed.non_numeric	runtime_throw		Compound /= on mixed_t follows delegated numeric arithmetic, then writes the boxed result back into the lhs keyed element.
mixed.float.zero	mixed.string.bool_false_literal		assignable_variable			supported	throws	mixed_t	float.zero	true	divide_assign.mixed.non_numeric	runtime_throw		Compound /= on mixed_t follows delegated numeric arithmetic, then writes the boxed result back into the lhs variable.
mixed.float.zero	mixed.string.bool_false_literal		keyed_element			supported	throws	mixed_t	float.zero	true	divide_assign.mixed.non_numeric	runtime_throw		Compound /= on mixed_t follows delegated numeric arithmetic, then writes the boxed result back into the lhs keyed element.
mixed.float.zero	mixed.string.bool_true_literal		assignable_variable			supported	throws	mixed_t	float.zero	true	divide_assign.mixed.non_numeric	runtime_throw		Compound /= on mixed_t follows delegated numeric arithmetic, then writes the boxed result back into the lhs variable.
mixed.float.zero	mixed.string.bool_true_literal		keyed_element			supported	throws	mixed_t	float.zero	true	divide_assign.mixed.non_numeric	runtime_throw		Compound /= on mixed_t follows delegated numeric arithmetic, then writes the boxed result back into the lhs keyed element.
mixed.float.zero	mixed.string.nonempty_nonzero_nonbool_literal		assignable_variable			supported	throws	mixed_t	float.zero	true	divide_assign.mixed.non_numeric	runtime_throw		Compound /= on mixed_t follows delegated numeric arithmetic, then writes the boxed result back into the lhs variable.
mixed.float.zero	mixed.string.nonempty_nonzero_nonbool_literal		keyed_element			supported	throws	mixed_t	float.zero	true	divide_assign.mixed.non_numeric	runtime_throw		Compound /= on mixed_t follows delegated numeric arithmetic, then writes the boxed result back into the lhs keyed element.
mixed.float.zero	mixed.hash.empty		assignable_variable			supported	throws	mixed_t	float.zero	true	divide_assign.mixed.non_numeric	runtime_throw		Compound /= on mixed_t follows delegated numeric arithmetic, then writes the boxed result back into the lhs variable.
mixed.float.zero	mixed.hash.empty		keyed_element			supported	throws	mixed_t	float.zero	true	divide_assign.mixed.non_numeric	runtime_throw		Compound /= on mixed_t follows delegated numeric arithmetic, then writes the boxed result back into the lhs keyed element.
mixed.float.zero	mixed.hash.nonempty		assignable_variable			supported	throws	mixed_t	float.zero	true	divide_assign.mixed.non_numeric	runtime_throw		Compound /= on mixed_t follows delegated numeric arithmetic, then writes the boxed result back into the lhs variable.
mixed.float.zero	mixed.hash.nonempty		keyed_element			supported	throws	mixed_t	float.zero	true	divide_assign.mixed.non_numeric	runtime_throw		Compound /= on mixed_t follows delegated numeric arithmetic, then writes the boxed result back into the lhs keyed element.
mixed.float.nonzero	mixed.null		assignable_variable			supported	throws	mixed_t	float.zero	true	divide_assign.mixed.non_numeric	runtime_throw		Compound /= on mixed_t follows delegated numeric arithmetic, then writes the boxed result back into the lhs variable.
mixed.float.nonzero	mixed.null		keyed_element			supported	throws	mixed_t	float.zero	true	divide_assign.mixed.non_numeric	runtime_throw		Compound /= on mixed_t follows delegated numeric arithmetic, then writes the boxed result back into the lhs keyed element.
mixed.float.nonzero	mixed.bool.false		assignable_variable			supported	throws	mixed_t	float.zero	true	divide_assign.mixed.non_numeric	runtime_throw		Compound /= on mixed_t follows delegated numeric arithmetic, then writes the boxed result back into the lhs variable.
mixed.float.nonzero	mixed.bool.false		keyed_element			supported	throws	mixed_t	float.zero	true	divide_assign.mixed.non_numeric	runtime_throw		Compound /= on mixed_t follows delegated numeric arithmetic, then writes the boxed result back into the lhs keyed element.
mixed.float.nonzero	mixed.bool.true		assignable_variable			supported	throws	mixed_t	float.zero	true	divide_assign.mixed.non_numeric	runtime_throw		Compound /= on mixed_t follows delegated numeric arithmetic, then writes the boxed result back into the lhs variable.
mixed.float.nonzero	mixed.bool.true		keyed_element			supported	throws	mixed_t	float.zero	true	divide_assign.mixed.non_numeric	runtime_throw		Compound /= on mixed_t follows delegated numeric arithmetic, then writes the boxed result back into the lhs keyed element.
mixed.float.nonzero	mixed.int.zero		assignable_variable			supported	throws	mixed_t	float.zero	true	divide_assign.rhs.zero	runtime_throw	division_by_zero	Compound /= on mixed_t follows delegated numeric arithmetic, then writes the boxed result back into the lhs variable.
mixed.float.nonzero	mixed.int.zero		keyed_element			supported	throws	mixed_t	float.zero	true	divide_assign.rhs.zero	runtime_throw	division_by_zero	Compound /= on mixed_t follows delegated numeric arithmetic, then writes the boxed result back into the lhs keyed element.
mixed.float.nonzero	mixed.int.nonzero		assignable_variable			supported	deterministic_value	mixed_t	mixed.float.half	true	divide_assign.float_nonzero.int_nonzero	runtime_success		Compound /= on mixed_t follows delegated numeric arithmetic, then writes the boxed result back into the lhs variable.
mixed.float.nonzero	mixed.int.nonzero		keyed_element			supported	deterministic_value	mixed_t	mixed.float.half	true	divide_assign.float_nonzero.int_nonzero	runtime_success		Compound /= on mixed_t follows delegated numeric arithmetic, then writes the boxed result back into the lhs keyed element.
mixed.float.nonzero	mixed.float.zero		assignable_variable			supported	throws	mixed_t	float.zero	true	divide_assign.rhs.zero	runtime_throw	division_by_zero	Compound /= on mixed_t follows delegated numeric arithmetic, then writes the boxed result back into the lhs variable.
mixed.float.nonzero	mixed.float.zero		keyed_element			supported	throws	mixed_t	float.zero	true	divide_assign.rhs.zero	runtime_throw	division_by_zero	Compound /= on mixed_t follows delegated numeric arithmetic, then writes the boxed result back into the lhs keyed element.
mixed.float.nonzero	mixed.float.nonzero		assignable_variable			supported	deterministic_value	mixed_t	mixed.float.one	true	divide_assign.float_nonzero.float_nonzero	runtime_success		Compound /= on mixed_t follows delegated numeric arithmetic, then writes the boxed result back into the lhs variable.
mixed.float.nonzero	mixed.float.nonzero		keyed_element			supported	deterministic_value	mixed_t	mixed.float.one	true	divide_assign.float_nonzero.float_nonzero	runtime_success		Compound /= on mixed_t follows delegated numeric arithmetic, then writes the boxed result back into the lhs keyed element.
mixed.float.nonzero	mixed.string.empty		assignable_variable			supported	throws	mixed_t	float.zero	true	divide_assign.mixed.non_numeric	runtime_throw		Compound /= on mixed_t follows delegated numeric arithmetic, then writes the boxed result back into the lhs variable.
mixed.float.nonzero	mixed.string.empty		keyed_element			supported	throws	mixed_t	float.zero	true	divide_assign.mixed.non_numeric	runtime_throw		Compound /= on mixed_t follows delegated numeric arithmetic, then writes the boxed result back into the lhs keyed element.
mixed.float.nonzero	mixed.string.zero_string		assignable_variable			supported	throws	mixed_t	float.zero	true	divide_assign.mixed.non_numeric	runtime_throw		Compound /= on mixed_t follows delegated numeric arithmetic, then writes the boxed result back into the lhs variable.
mixed.float.nonzero	mixed.string.zero_string		keyed_element			supported	throws	mixed_t	float.zero	true	divide_assign.mixed.non_numeric	runtime_throw		Compound /= on mixed_t follows delegated numeric arithmetic, then writes the boxed result back into the lhs keyed element.
mixed.float.nonzero	mixed.string.bool_false_literal		assignable_variable			supported	throws	mixed_t	float.zero	true	divide_assign.mixed.non_numeric	runtime_throw		Compound /= on mixed_t follows delegated numeric arithmetic, then writes the boxed result back into the lhs variable.
mixed.float.nonzero	mixed.string.bool_false_literal		keyed_element			supported	throws	mixed_t	float.zero	true	divide_assign.mixed.non_numeric	runtime_throw		Compound /= on mixed_t follows delegated numeric arithmetic, then writes the boxed result back into the lhs keyed element.
mixed.float.nonzero	mixed.string.bool_true_literal		assignable_variable			supported	throws	mixed_t	float.zero	true	divide_assign.mixed.non_numeric	runtime_throw		Compound /= on mixed_t follows delegated numeric arithmetic, then writes the boxed result back into the lhs variable.
mixed.float.nonzero	mixed.string.bool_true_literal		keyed_element			supported	throws	mixed_t	float.zero	true	divide_assign.mixed.non_numeric	runtime_throw		Compound /= on mixed_t follows delegated numeric arithmetic, then writes the boxed result back into the lhs keyed element.
mixed.float.nonzero	mixed.string.nonempty_nonzero_nonbool_literal		assignable_variable			supported	throws	mixed_t	float.zero	true	divide_assign.mixed.non_numeric	runtime_throw		Compound /= on mixed_t follows delegated numeric arithmetic, then writes the boxed result back into the lhs variable.
mixed.float.nonzero	mixed.string.nonempty_nonzero_nonbool_literal		keyed_element			supported	throws	mixed_t	float.zero	true	divide_assign.mixed.non_numeric	runtime_throw		Compound /= on mixed_t follows delegated numeric arithmetic, then writes the boxed result back into the lhs keyed element.
mixed.float.nonzero	mixed.hash.empty		assignable_variable			supported	throws	mixed_t	float.zero	true	divide_assign.mixed.non_numeric	runtime_throw		Compound /= on mixed_t follows delegated numeric arithmetic, then writes the boxed result back into the lhs variable.
mixed.float.nonzero	mixed.hash.empty		keyed_element			supported	throws	mixed_t	float.zero	true	divide_assign.mixed.non_numeric	runtime_throw		Compound /= on mixed_t follows delegated numeric arithmetic, then writes the boxed result back into the lhs keyed element.
mixed.float.nonzero	mixed.hash.nonempty		assignable_variable			supported	throws	mixed_t	float.zero	true	divide_assign.mixed.non_numeric	runtime_throw		Compound /= on mixed_t follows delegated numeric arithmetic, then writes the boxed result back into the lhs variable.
mixed.float.nonzero	mixed.hash.nonempty		keyed_element			supported	throws	mixed_t	float.zero	true	divide_assign.mixed.non_numeric	runtime_throw		Compound /= on mixed_t follows delegated numeric arithmetic, then writes the boxed result back into the lhs keyed element.
mixed.string.empty	mixed.null		assignable_variable			supported	throws	mixed_t	float.zero	true	divide_assign.mixed.non_numeric	runtime_throw		Compound /= on mixed_t follows delegated numeric arithmetic, then writes the boxed result back into the lhs variable.
mixed.string.empty	mixed.null		keyed_element			supported	throws	mixed_t	float.zero	true	divide_assign.mixed.non_numeric	runtime_throw		Compound /= on mixed_t follows delegated numeric arithmetic, then writes the boxed result back into the lhs keyed element.
mixed.string.empty	mixed.bool.false		assignable_variable			supported	throws	mixed_t	float.zero	true	divide_assign.mixed.non_numeric	runtime_throw		Compound /= on mixed_t follows delegated numeric arithmetic, then writes the boxed result back into the lhs variable.
mixed.string.empty	mixed.bool.false		keyed_element			supported	throws	mixed_t	float.zero	true	divide_assign.mixed.non_numeric	runtime_throw		Compound /= on mixed_t follows delegated numeric arithmetic, then writes the boxed result back into the lhs keyed element.
mixed.string.empty	mixed.bool.true		assignable_variable			supported	throws	mixed_t	float.zero	true	divide_assign.mixed.non_numeric	runtime_throw		Compound /= on mixed_t follows delegated numeric arithmetic, then writes the boxed result back into the lhs variable.
mixed.string.empty	mixed.bool.true		keyed_element			supported	throws	mixed_t	float.zero	true	divide_assign.mixed.non_numeric	runtime_throw		Compound /= on mixed_t follows delegated numeric arithmetic, then writes the boxed result back into the lhs keyed element.
mixed.string.empty	mixed.int.zero		assignable_variable			supported	throws	mixed_t	float.zero	true	divide_assign.mixed.non_numeric	runtime_throw		Compound /= on mixed_t follows delegated numeric arithmetic, then writes the boxed result back into the lhs variable.
mixed.string.empty	mixed.int.zero		keyed_element			supported	throws	mixed_t	float.zero	true	divide_assign.mixed.non_numeric	runtime_throw		Compound /= on mixed_t follows delegated numeric arithmetic, then writes the boxed result back into the lhs keyed element.
mixed.string.empty	mixed.int.nonzero		assignable_variable			supported	throws	mixed_t	float.zero	true	divide_assign.mixed.non_numeric	runtime_throw		Compound /= on mixed_t follows delegated numeric arithmetic, then writes the boxed result back into the lhs variable.
mixed.string.empty	mixed.int.nonzero		keyed_element			supported	throws	mixed_t	float.zero	true	divide_assign.mixed.non_numeric	runtime_throw		Compound /= on mixed_t follows delegated numeric arithmetic, then writes the boxed result back into the lhs keyed element.
mixed.string.empty	mixed.float.zero		assignable_variable			supported	throws	mixed_t	float.zero	true	divide_assign.mixed.non_numeric	runtime_throw		Compound /= on mixed_t follows delegated numeric arithmetic, then writes the boxed result back into the lhs variable.
mixed.string.empty	mixed.float.zero		keyed_element			supported	throws	mixed_t	float.zero	true	divide_assign.mixed.non_numeric	runtime_throw		Compound /= on mixed_t follows delegated numeric arithmetic, then writes the boxed result back into the lhs keyed element.
mixed.string.empty	mixed.float.nonzero		assignable_variable			supported	throws	mixed_t	float.zero	true	divide_assign.mixed.non_numeric	runtime_throw		Compound /= on mixed_t follows delegated numeric arithmetic, then writes the boxed result back into the lhs variable.
mixed.string.empty	mixed.float.nonzero		keyed_element			supported	throws	mixed_t	float.zero	true	divide_assign.mixed.non_numeric	runtime_throw		Compound /= on mixed_t follows delegated numeric arithmetic, then writes the boxed result back into the lhs keyed element.
mixed.string.empty	mixed.string.empty		assignable_variable			supported	throws	mixed_t	float.zero	true	divide_assign.mixed.non_numeric	runtime_throw		Compound /= on mixed_t follows delegated numeric arithmetic, then writes the boxed result back into the lhs variable.
mixed.string.empty	mixed.string.empty		keyed_element			supported	throws	mixed_t	float.zero	true	divide_assign.mixed.non_numeric	runtime_throw		Compound /= on mixed_t follows delegated numeric arithmetic, then writes the boxed result back into the lhs keyed element.
mixed.string.empty	mixed.string.zero_string		assignable_variable			supported	throws	mixed_t	float.zero	true	divide_assign.mixed.non_numeric	runtime_throw		Compound /= on mixed_t follows delegated numeric arithmetic, then writes the boxed result back into the lhs variable.
mixed.string.empty	mixed.string.zero_string		keyed_element			supported	throws	mixed_t	float.zero	true	divide_assign.mixed.non_numeric	runtime_throw		Compound /= on mixed_t follows delegated numeric arithmetic, then writes the boxed result back into the lhs keyed element.
mixed.string.empty	mixed.string.bool_false_literal		assignable_variable			supported	throws	mixed_t	float.zero	true	divide_assign.mixed.non_numeric	runtime_throw		Compound /= on mixed_t follows delegated numeric arithmetic, then writes the boxed result back into the lhs variable.
mixed.string.empty	mixed.string.bool_false_literal		keyed_element			supported	throws	mixed_t	float.zero	true	divide_assign.mixed.non_numeric	runtime_throw		Compound /= on mixed_t follows delegated numeric arithmetic, then writes the boxed result back into the lhs keyed element.
mixed.string.empty	mixed.string.bool_true_literal		assignable_variable			supported	throws	mixed_t	float.zero	true	divide_assign.mixed.non_numeric	runtime_throw		Compound /= on mixed_t follows delegated numeric arithmetic, then writes the boxed result back into the lhs variable.
mixed.string.empty	mixed.string.bool_true_literal		keyed_element			supported	throws	mixed_t	float.zero	true	divide_assign.mixed.non_numeric	runtime_throw		Compound /= on mixed_t follows delegated numeric arithmetic, then writes the boxed result back into the lhs keyed element.
mixed.string.empty	mixed.string.nonempty_nonzero_nonbool_literal		assignable_variable			supported	throws	mixed_t	float.zero	true	divide_assign.mixed.non_numeric	runtime_throw		Compound /= on mixed_t follows delegated numeric arithmetic, then writes the boxed result back into the lhs variable.
mixed.string.empty	mixed.string.nonempty_nonzero_nonbool_literal		keyed_element			supported	throws	mixed_t	float.zero	true	divide_assign.mixed.non_numeric	runtime_throw		Compound /= on mixed_t follows delegated numeric arithmetic, then writes the boxed result back into the lhs keyed element.
mixed.string.empty	mixed.hash.empty		assignable_variable			supported	throws	mixed_t	float.zero	true	divide_assign.mixed.non_numeric	runtime_throw		Compound /= on mixed_t follows delegated numeric arithmetic, then writes the boxed result back into the lhs variable.
mixed.string.empty	mixed.hash.empty		keyed_element			supported	throws	mixed_t	float.zero	true	divide_assign.mixed.non_numeric	runtime_throw		Compound /= on mixed_t follows delegated numeric arithmetic, then writes the boxed result back into the lhs keyed element.
mixed.string.empty	mixed.hash.nonempty		assignable_variable			supported	throws	mixed_t	float.zero	true	divide_assign.mixed.non_numeric	runtime_throw		Compound /= on mixed_t follows delegated numeric arithmetic, then writes the boxed result back into the lhs variable.
mixed.string.empty	mixed.hash.nonempty		keyed_element			supported	throws	mixed_t	float.zero	true	divide_assign.mixed.non_numeric	runtime_throw		Compound /= on mixed_t follows delegated numeric arithmetic, then writes the boxed result back into the lhs keyed element.
mixed.string.zero_string	mixed.null		assignable_variable			supported	throws	mixed_t	float.zero	true	divide_assign.mixed.non_numeric	runtime_throw		Compound /= on mixed_t follows delegated numeric arithmetic, then writes the boxed result back into the lhs variable.
mixed.string.zero_string	mixed.null		keyed_element			supported	throws	mixed_t	float.zero	true	divide_assign.mixed.non_numeric	runtime_throw		Compound /= on mixed_t follows delegated numeric arithmetic, then writes the boxed result back into the lhs keyed element.
mixed.string.zero_string	mixed.bool.false		assignable_variable			supported	throws	mixed_t	float.zero	true	divide_assign.mixed.non_numeric	runtime_throw		Compound /= on mixed_t follows delegated numeric arithmetic, then writes the boxed result back into the lhs variable.
mixed.string.zero_string	mixed.bool.false		keyed_element			supported	throws	mixed_t	float.zero	true	divide_assign.mixed.non_numeric	runtime_throw		Compound /= on mixed_t follows delegated numeric arithmetic, then writes the boxed result back into the lhs keyed element.
mixed.string.zero_string	mixed.bool.true		assignable_variable			supported	throws	mixed_t	float.zero	true	divide_assign.mixed.non_numeric	runtime_throw		Compound /= on mixed_t follows delegated numeric arithmetic, then writes the boxed result back into the lhs variable.
mixed.string.zero_string	mixed.bool.true		keyed_element			supported	throws	mixed_t	float.zero	true	divide_assign.mixed.non_numeric	runtime_throw		Compound /= on mixed_t follows delegated numeric arithmetic, then writes the boxed result back into the lhs keyed element.
mixed.string.zero_string	mixed.int.zero		assignable_variable			supported	throws	mixed_t	float.zero	true	divide_assign.mixed.non_numeric	runtime_throw		Compound /= on mixed_t follows delegated numeric arithmetic, then writes the boxed result back into the lhs variable.
mixed.string.zero_string	mixed.int.zero		keyed_element			supported	throws	mixed_t	float.zero	true	divide_assign.mixed.non_numeric	runtime_throw		Compound /= on mixed_t follows delegated numeric arithmetic, then writes the boxed result back into the lhs keyed element.
mixed.string.zero_string	mixed.int.nonzero		assignable_variable			supported	throws	mixed_t	float.zero	true	divide_assign.mixed.non_numeric	runtime_throw		Compound /= on mixed_t follows delegated numeric arithmetic, then writes the boxed result back into the lhs variable.
mixed.string.zero_string	mixed.int.nonzero		keyed_element			supported	throws	mixed_t	float.zero	true	divide_assign.mixed.non_numeric	runtime_throw		Compound /= on mixed_t follows delegated numeric arithmetic, then writes the boxed result back into the lhs keyed element.
mixed.string.zero_string	mixed.float.zero		assignable_variable			supported	throws	mixed_t	float.zero	true	divide_assign.mixed.non_numeric	runtime_throw		Compound /= on mixed_t follows delegated numeric arithmetic, then writes the boxed result back into the lhs variable.
mixed.string.zero_string	mixed.float.zero		keyed_element			supported	throws	mixed_t	float.zero	true	divide_assign.mixed.non_numeric	runtime_throw		Compound /= on mixed_t follows delegated numeric arithmetic, then writes the boxed result back into the lhs keyed element.
mixed.string.zero_string	mixed.float.nonzero		assignable_variable			supported	throws	mixed_t	float.zero	true	divide_assign.mixed.non_numeric	runtime_throw		Compound /= on mixed_t follows delegated numeric arithmetic, then writes the boxed result back into the lhs variable.
mixed.string.zero_string	mixed.float.nonzero		keyed_element			supported	throws	mixed_t	float.zero	true	divide_assign.mixed.non_numeric	runtime_throw		Compound /= on mixed_t follows delegated numeric arithmetic, then writes the boxed result back into the lhs keyed element.
mixed.string.zero_string	mixed.string.empty		assignable_variable			supported	throws	mixed_t	float.zero	true	divide_assign.mixed.non_numeric	runtime_throw		Compound /= on mixed_t follows delegated numeric arithmetic, then writes the boxed result back into the lhs variable.
mixed.string.zero_string	mixed.string.empty		keyed_element			supported	throws	mixed_t	float.zero	true	divide_assign.mixed.non_numeric	runtime_throw		Compound /= on mixed_t follows delegated numeric arithmetic, then writes the boxed result back into the lhs keyed element.
mixed.string.zero_string	mixed.string.zero_string		assignable_variable			supported	throws	mixed_t	float.zero	true	divide_assign.mixed.non_numeric	runtime_throw		Compound /= on mixed_t follows delegated numeric arithmetic, then writes the boxed result back into the lhs variable.
mixed.string.zero_string	mixed.string.zero_string		keyed_element			supported	throws	mixed_t	float.zero	true	divide_assign.mixed.non_numeric	runtime_throw		Compound /= on mixed_t follows delegated numeric arithmetic, then writes the boxed result back into the lhs keyed element.
mixed.string.zero_string	mixed.string.bool_false_literal		assignable_variable			supported	throws	mixed_t	float.zero	true	divide_assign.mixed.non_numeric	runtime_throw		Compound /= on mixed_t follows delegated numeric arithmetic, then writes the boxed result back into the lhs variable.
mixed.string.zero_string	mixed.string.bool_false_literal		keyed_element			supported	throws	mixed_t	float.zero	true	divide_assign.mixed.non_numeric	runtime_throw		Compound /= on mixed_t follows delegated numeric arithmetic, then writes the boxed result back into the lhs keyed element.
mixed.string.zero_string	mixed.string.bool_true_literal		assignable_variable			supported	throws	mixed_t	float.zero	true	divide_assign.mixed.non_numeric	runtime_throw		Compound /= on mixed_t follows delegated numeric arithmetic, then writes the boxed result back into the lhs variable.
mixed.string.zero_string	mixed.string.bool_true_literal		keyed_element			supported	throws	mixed_t	float.zero	true	divide_assign.mixed.non_numeric	runtime_throw		Compound /= on mixed_t follows delegated numeric arithmetic, then writes the boxed result back into the lhs keyed element.
mixed.string.zero_string	mixed.string.nonempty_nonzero_nonbool_literal		assignable_variable			supported	throws	mixed_t	float.zero	true	divide_assign.mixed.non_numeric	runtime_throw		Compound /= on mixed_t follows delegated numeric arithmetic, then writes the boxed result back into the lhs variable.
mixed.string.zero_string	mixed.string.nonempty_nonzero_nonbool_literal		keyed_element			supported	throws	mixed_t	float.zero	true	divide_assign.mixed.non_numeric	runtime_throw		Compound /= on mixed_t follows delegated numeric arithmetic, then writes the boxed result back into the lhs keyed element.
mixed.string.zero_string	mixed.hash.empty		assignable_variable			supported	throws	mixed_t	float.zero	true	divide_assign.mixed.non_numeric	runtime_throw		Compound /= on mixed_t follows delegated numeric arithmetic, then writes the boxed result back into the lhs variable.
mixed.string.zero_string	mixed.hash.empty		keyed_element			supported	throws	mixed_t	float.zero	true	divide_assign.mixed.non_numeric	runtime_throw		Compound /= on mixed_t follows delegated numeric arithmetic, then writes the boxed result back into the lhs keyed element.
mixed.string.zero_string	mixed.hash.nonempty		assignable_variable			supported	throws	mixed_t	float.zero	true	divide_assign.mixed.non_numeric	runtime_throw		Compound /= on mixed_t follows delegated numeric arithmetic, then writes the boxed result back into the lhs variable.
mixed.string.zero_string	mixed.hash.nonempty		keyed_element			supported	throws	mixed_t	float.zero	true	divide_assign.mixed.non_numeric	runtime_throw		Compound /= on mixed_t follows delegated numeric arithmetic, then writes the boxed result back into the lhs keyed element.
mixed.string.bool_false_literal	mixed.null		assignable_variable			supported	throws	mixed_t	float.zero	true	divide_assign.mixed.non_numeric	runtime_throw		Compound /= on mixed_t follows delegated numeric arithmetic, then writes the boxed result back into the lhs variable.
mixed.string.bool_false_literal	mixed.null		keyed_element			supported	throws	mixed_t	float.zero	true	divide_assign.mixed.non_numeric	runtime_throw		Compound /= on mixed_t follows delegated numeric arithmetic, then writes the boxed result back into the lhs keyed element.
mixed.string.bool_false_literal	mixed.bool.false		assignable_variable			supported	throws	mixed_t	float.zero	true	divide_assign.mixed.non_numeric	runtime_throw		Compound /= on mixed_t follows delegated numeric arithmetic, then writes the boxed result back into the lhs variable.
mixed.string.bool_false_literal	mixed.bool.false		keyed_element			supported	throws	mixed_t	float.zero	true	divide_assign.mixed.non_numeric	runtime_throw		Compound /= on mixed_t follows delegated numeric arithmetic, then writes the boxed result back into the lhs keyed element.
mixed.string.bool_false_literal	mixed.bool.true		assignable_variable			supported	throws	mixed_t	float.zero	true	divide_assign.mixed.non_numeric	runtime_throw		Compound /= on mixed_t follows delegated numeric arithmetic, then writes the boxed result back into the lhs variable.
mixed.string.bool_false_literal	mixed.bool.true		keyed_element			supported	throws	mixed_t	float.zero	true	divide_assign.mixed.non_numeric	runtime_throw		Compound /= on mixed_t follows delegated numeric arithmetic, then writes the boxed result back into the lhs keyed element.
mixed.string.bool_false_literal	mixed.int.zero		assignable_variable			supported	throws	mixed_t	float.zero	true	divide_assign.mixed.non_numeric	runtime_throw		Compound /= on mixed_t follows delegated numeric arithmetic, then writes the boxed result back into the lhs variable.
mixed.string.bool_false_literal	mixed.int.zero		keyed_element			supported	throws	mixed_t	float.zero	true	divide_assign.mixed.non_numeric	runtime_throw		Compound /= on mixed_t follows delegated numeric arithmetic, then writes the boxed result back into the lhs keyed element.
mixed.string.bool_false_literal	mixed.int.nonzero		assignable_variable			supported	throws	mixed_t	float.zero	true	divide_assign.mixed.non_numeric	runtime_throw		Compound /= on mixed_t follows delegated numeric arithmetic, then writes the boxed result back into the lhs variable.
mixed.string.bool_false_literal	mixed.int.nonzero		keyed_element			supported	throws	mixed_t	float.zero	true	divide_assign.mixed.non_numeric	runtime_throw		Compound /= on mixed_t follows delegated numeric arithmetic, then writes the boxed result back into the lhs keyed element.
mixed.string.bool_false_literal	mixed.float.zero		assignable_variable			supported	throws	mixed_t	float.zero	true	divide_assign.mixed.non_numeric	runtime_throw		Compound /= on mixed_t follows delegated numeric arithmetic, then writes the boxed result back into the lhs variable.
mixed.string.bool_false_literal	mixed.float.zero		keyed_element			supported	throws	mixed_t	float.zero	true	divide_assign.mixed.non_numeric	runtime_throw		Compound /= on mixed_t follows delegated numeric arithmetic, then writes the boxed result back into the lhs keyed element.
mixed.string.bool_false_literal	mixed.float.nonzero		assignable_variable			supported	throws	mixed_t	float.zero	true	divide_assign.mixed.non_numeric	runtime_throw		Compound /= on mixed_t follows delegated numeric arithmetic, then writes the boxed result back into the lhs variable.
mixed.string.bool_false_literal	mixed.float.nonzero		keyed_element			supported	throws	mixed_t	float.zero	true	divide_assign.mixed.non_numeric	runtime_throw		Compound /= on mixed_t follows delegated numeric arithmetic, then writes the boxed result back into the lhs keyed element.
mixed.string.bool_false_literal	mixed.string.empty		assignable_variable			supported	throws	mixed_t	float.zero	true	divide_assign.mixed.non_numeric	runtime_throw		Compound /= on mixed_t follows delegated numeric arithmetic, then writes the boxed result back into the lhs variable.
mixed.string.bool_false_literal	mixed.string.empty		keyed_element			supported	throws	mixed_t	float.zero	true	divide_assign.mixed.non_numeric	runtime_throw		Compound /= on mixed_t follows delegated numeric arithmetic, then writes the boxed result back into the lhs keyed element.
mixed.string.bool_false_literal	mixed.string.zero_string		assignable_variable			supported	throws	mixed_t	float.zero	true	divide_assign.mixed.non_numeric	runtime_throw		Compound /= on mixed_t follows delegated numeric arithmetic, then writes the boxed result back into the lhs variable.
mixed.string.bool_false_literal	mixed.string.zero_string		keyed_element			supported	throws	mixed_t	float.zero	true	divide_assign.mixed.non_numeric	runtime_throw		Compound /= on mixed_t follows delegated numeric arithmetic, then writes the boxed result back into the lhs keyed element.
mixed.string.bool_false_literal	mixed.string.bool_false_literal		assignable_variable			supported	throws	mixed_t	float.zero	true	divide_assign.mixed.non_numeric	runtime_throw		Compound /= on mixed_t follows delegated numeric arithmetic, then writes the boxed result back into the lhs variable.
mixed.string.bool_false_literal	mixed.string.bool_false_literal		keyed_element			supported	throws	mixed_t	float.zero	true	divide_assign.mixed.non_numeric	runtime_throw		Compound /= on mixed_t follows delegated numeric arithmetic, then writes the boxed result back into the lhs keyed element.
mixed.string.bool_false_literal	mixed.string.bool_true_literal		assignable_variable			supported	throws	mixed_t	float.zero	true	divide_assign.mixed.non_numeric	runtime_throw		Compound /= on mixed_t follows delegated numeric arithmetic, then writes the boxed result back into the lhs variable.
mixed.string.bool_false_literal	mixed.string.bool_true_literal		keyed_element			supported	throws	mixed_t	float.zero	true	divide_assign.mixed.non_numeric	runtime_throw		Compound /= on mixed_t follows delegated numeric arithmetic, then writes the boxed result back into the lhs keyed element.
mixed.string.bool_false_literal	mixed.string.nonempty_nonzero_nonbool_literal		assignable_variable			supported	throws	mixed_t	float.zero	true	divide_assign.mixed.non_numeric	runtime_throw		Compound /= on mixed_t follows delegated numeric arithmetic, then writes the boxed result back into the lhs variable.
mixed.string.bool_false_literal	mixed.string.nonempty_nonzero_nonbool_literal		keyed_element			supported	throws	mixed_t	float.zero	true	divide_assign.mixed.non_numeric	runtime_throw		Compound /= on mixed_t follows delegated numeric arithmetic, then writes the boxed result back into the lhs keyed element.
mixed.string.bool_false_literal	mixed.hash.empty		assignable_variable			supported	throws	mixed_t	float.zero	true	divide_assign.mixed.non_numeric	runtime_throw		Compound /= on mixed_t follows delegated numeric arithmetic, then writes the boxed result back into the lhs variable.
mixed.string.bool_false_literal	mixed.hash.empty		keyed_element			supported	throws	mixed_t	float.zero	true	divide_assign.mixed.non_numeric	runtime_throw		Compound /= on mixed_t follows delegated numeric arithmetic, then writes the boxed result back into the lhs keyed element.
mixed.string.bool_false_literal	mixed.hash.nonempty		assignable_variable			supported	throws	mixed_t	float.zero	true	divide_assign.mixed.non_numeric	runtime_throw		Compound /= on mixed_t follows delegated numeric arithmetic, then writes the boxed result back into the lhs variable.
mixed.string.bool_false_literal	mixed.hash.nonempty		keyed_element			supported	throws	mixed_t	float.zero	true	divide_assign.mixed.non_numeric	runtime_throw		Compound /= on mixed_t follows delegated numeric arithmetic, then writes the boxed result back into the lhs keyed element.
mixed.string.bool_true_literal	mixed.null		assignable_variable			supported	throws	mixed_t	float.zero	true	divide_assign.mixed.non_numeric	runtime_throw		Compound /= on mixed_t follows delegated numeric arithmetic, then writes the boxed result back into the lhs variable.
mixed.string.bool_true_literal	mixed.null		keyed_element			supported	throws	mixed_t	float.zero	true	divide_assign.mixed.non_numeric	runtime_throw		Compound /= on mixed_t follows delegated numeric arithmetic, then writes the boxed result back into the lhs keyed element.
mixed.string.bool_true_literal	mixed.bool.false		assignable_variable			supported	throws	mixed_t	float.zero	true	divide_assign.mixed.non_numeric	runtime_throw		Compound /= on mixed_t follows delegated numeric arithmetic, then writes the boxed result back into the lhs variable.
mixed.string.bool_true_literal	mixed.bool.false		keyed_element			supported	throws	mixed_t	float.zero	true	divide_assign.mixed.non_numeric	runtime_throw		Compound /= on mixed_t follows delegated numeric arithmetic, then writes the boxed result back into the lhs keyed element.
mixed.string.bool_true_literal	mixed.bool.true		assignable_variable			supported	throws	mixed_t	float.zero	true	divide_assign.mixed.non_numeric	runtime_throw		Compound /= on mixed_t follows delegated numeric arithmetic, then writes the boxed result back into the lhs variable.
mixed.string.bool_true_literal	mixed.bool.true		keyed_element			supported	throws	mixed_t	float.zero	true	divide_assign.mixed.non_numeric	runtime_throw		Compound /= on mixed_t follows delegated numeric arithmetic, then writes the boxed result back into the lhs keyed element.
mixed.string.bool_true_literal	mixed.int.zero		assignable_variable			supported	throws	mixed_t	float.zero	true	divide_assign.mixed.non_numeric	runtime_throw		Compound /= on mixed_t follows delegated numeric arithmetic, then writes the boxed result back into the lhs variable.
mixed.string.bool_true_literal	mixed.int.zero		keyed_element			supported	throws	mixed_t	float.zero	true	divide_assign.mixed.non_numeric	runtime_throw		Compound /= on mixed_t follows delegated numeric arithmetic, then writes the boxed result back into the lhs keyed element.
mixed.string.bool_true_literal	mixed.int.nonzero		assignable_variable			supported	throws	mixed_t	float.zero	true	divide_assign.mixed.non_numeric	runtime_throw		Compound /= on mixed_t follows delegated numeric arithmetic, then writes the boxed result back into the lhs variable.
mixed.string.bool_true_literal	mixed.int.nonzero		keyed_element			supported	throws	mixed_t	float.zero	true	divide_assign.mixed.non_numeric	runtime_throw		Compound /= on mixed_t follows delegated numeric arithmetic, then writes the boxed result back into the lhs keyed element.
mixed.string.bool_true_literal	mixed.float.zero		assignable_variable			supported	throws	mixed_t	float.zero	true	divide_assign.mixed.non_numeric	runtime_throw		Compound /= on mixed_t follows delegated numeric arithmetic, then writes the boxed result back into the lhs variable.
mixed.string.bool_true_literal	mixed.float.zero		keyed_element			supported	throws	mixed_t	float.zero	true	divide_assign.mixed.non_numeric	runtime_throw		Compound /= on mixed_t follows delegated numeric arithmetic, then writes the boxed result back into the lhs keyed element.
mixed.string.bool_true_literal	mixed.float.nonzero		assignable_variable			supported	throws	mixed_t	float.zero	true	divide_assign.mixed.non_numeric	runtime_throw		Compound /= on mixed_t follows delegated numeric arithmetic, then writes the boxed result back into the lhs variable.
mixed.string.bool_true_literal	mixed.float.nonzero		keyed_element			supported	throws	mixed_t	float.zero	true	divide_assign.mixed.non_numeric	runtime_throw		Compound /= on mixed_t follows delegated numeric arithmetic, then writes the boxed result back into the lhs keyed element.
mixed.string.bool_true_literal	mixed.string.empty		assignable_variable			supported	throws	mixed_t	float.zero	true	divide_assign.mixed.non_numeric	runtime_throw		Compound /= on mixed_t follows delegated numeric arithmetic, then writes the boxed result back into the lhs variable.
mixed.string.bool_true_literal	mixed.string.empty		keyed_element			supported	throws	mixed_t	float.zero	true	divide_assign.mixed.non_numeric	runtime_throw		Compound /= on mixed_t follows delegated numeric arithmetic, then writes the boxed result back into the lhs keyed element.
mixed.string.bool_true_literal	mixed.string.zero_string		assignable_variable			supported	throws	mixed_t	float.zero	true	divide_assign.mixed.non_numeric	runtime_throw		Compound /= on mixed_t follows delegated numeric arithmetic, then writes the boxed result back into the lhs variable.
mixed.string.bool_true_literal	mixed.string.zero_string		keyed_element			supported	throws	mixed_t	float.zero	true	divide_assign.mixed.non_numeric	runtime_throw		Compound /= on mixed_t follows delegated numeric arithmetic, then writes the boxed result back into the lhs keyed element.
mixed.string.bool_true_literal	mixed.string.bool_false_literal		assignable_variable			supported	throws	mixed_t	float.zero	true	divide_assign.mixed.non_numeric	runtime_throw		Compound /= on mixed_t follows delegated numeric arithmetic, then writes the boxed result back into the lhs variable.
mixed.string.bool_true_literal	mixed.string.bool_false_literal		keyed_element			supported	throws	mixed_t	float.zero	true	divide_assign.mixed.non_numeric	runtime_throw		Compound /= on mixed_t follows delegated numeric arithmetic, then writes the boxed result back into the lhs keyed element.
mixed.string.bool_true_literal	mixed.string.bool_true_literal		assignable_variable			supported	throws	mixed_t	float.zero	true	divide_assign.mixed.non_numeric	runtime_throw		Compound /= on mixed_t follows delegated numeric arithmetic, then writes the boxed result back into the lhs variable.
mixed.string.bool_true_literal	mixed.string.bool_true_literal		keyed_element			supported	throws	mixed_t	float.zero	true	divide_assign.mixed.non_numeric	runtime_throw		Compound /= on mixed_t follows delegated numeric arithmetic, then writes the boxed result back into the lhs keyed element.
mixed.string.bool_true_literal	mixed.string.nonempty_nonzero_nonbool_literal		assignable_variable			supported	throws	mixed_t	float.zero	true	divide_assign.mixed.non_numeric	runtime_throw		Compound /= on mixed_t follows delegated numeric arithmetic, then writes the boxed result back into the lhs variable.
mixed.string.bool_true_literal	mixed.string.nonempty_nonzero_nonbool_literal		keyed_element			supported	throws	mixed_t	float.zero	true	divide_assign.mixed.non_numeric	runtime_throw		Compound /= on mixed_t follows delegated numeric arithmetic, then writes the boxed result back into the lhs keyed element.
mixed.string.bool_true_literal	mixed.hash.empty		assignable_variable			supported	throws	mixed_t	float.zero	true	divide_assign.mixed.non_numeric	runtime_throw		Compound /= on mixed_t follows delegated numeric arithmetic, then writes the boxed result back into the lhs variable.
mixed.string.bool_true_literal	mixed.hash.empty		keyed_element			supported	throws	mixed_t	float.zero	true	divide_assign.mixed.non_numeric	runtime_throw		Compound /= on mixed_t follows delegated numeric arithmetic, then writes the boxed result back into the lhs keyed element.
mixed.string.bool_true_literal	mixed.hash.nonempty		assignable_variable			supported	throws	mixed_t	float.zero	true	divide_assign.mixed.non_numeric	runtime_throw		Compound /= on mixed_t follows delegated numeric arithmetic, then writes the boxed result back into the lhs variable.
mixed.string.bool_true_literal	mixed.hash.nonempty		keyed_element			supported	throws	mixed_t	float.zero	true	divide_assign.mixed.non_numeric	runtime_throw		Compound /= on mixed_t follows delegated numeric arithmetic, then writes the boxed result back into the lhs keyed element.
mixed.string.nonempty_nonzero_nonbool_literal	mixed.null		assignable_variable			supported	throws	mixed_t	float.zero	true	divide_assign.mixed.non_numeric	runtime_throw		Compound /= on mixed_t follows delegated numeric arithmetic, then writes the boxed result back into the lhs variable.
mixed.string.nonempty_nonzero_nonbool_literal	mixed.null		keyed_element			supported	throws	mixed_t	float.zero	true	divide_assign.mixed.non_numeric	runtime_throw		Compound /= on mixed_t follows delegated numeric arithmetic, then writes the boxed result back into the lhs keyed element.
mixed.string.nonempty_nonzero_nonbool_literal	mixed.bool.false		assignable_variable			supported	throws	mixed_t	float.zero	true	divide_assign.mixed.non_numeric	runtime_throw		Compound /= on mixed_t follows delegated numeric arithmetic, then writes the boxed result back into the lhs variable.
mixed.string.nonempty_nonzero_nonbool_literal	mixed.bool.false		keyed_element			supported	throws	mixed_t	float.zero	true	divide_assign.mixed.non_numeric	runtime_throw		Compound /= on mixed_t follows delegated numeric arithmetic, then writes the boxed result back into the lhs keyed element.
mixed.string.nonempty_nonzero_nonbool_literal	mixed.bool.true		assignable_variable			supported	throws	mixed_t	float.zero	true	divide_assign.mixed.non_numeric	runtime_throw		Compound /= on mixed_t follows delegated numeric arithmetic, then writes the boxed result back into the lhs variable.
mixed.string.nonempty_nonzero_nonbool_literal	mixed.bool.true		keyed_element			supported	throws	mixed_t	float.zero	true	divide_assign.mixed.non_numeric	runtime_throw		Compound /= on mixed_t follows delegated numeric arithmetic, then writes the boxed result back into the lhs keyed element.
mixed.string.nonempty_nonzero_nonbool_literal	mixed.int.zero		assignable_variable			supported	throws	mixed_t	float.zero	true	divide_assign.mixed.non_numeric	runtime_throw		Compound /= on mixed_t follows delegated numeric arithmetic, then writes the boxed result back into the lhs variable.
mixed.string.nonempty_nonzero_nonbool_literal	mixed.int.zero		keyed_element			supported	throws	mixed_t	float.zero	true	divide_assign.mixed.non_numeric	runtime_throw		Compound /= on mixed_t follows delegated numeric arithmetic, then writes the boxed result back into the lhs keyed element.
mixed.string.nonempty_nonzero_nonbool_literal	mixed.int.nonzero		assignable_variable			supported	throws	mixed_t	float.zero	true	divide_assign.mixed.non_numeric	runtime_throw		Compound /= on mixed_t follows delegated numeric arithmetic, then writes the boxed result back into the lhs variable.
mixed.string.nonempty_nonzero_nonbool_literal	mixed.int.nonzero		keyed_element			supported	throws	mixed_t	float.zero	true	divide_assign.mixed.non_numeric	runtime_throw		Compound /= on mixed_t follows delegated numeric arithmetic, then writes the boxed result back into the lhs keyed element.
mixed.string.nonempty_nonzero_nonbool_literal	mixed.float.zero		assignable_variable			supported	throws	mixed_t	float.zero	true	divide_assign.mixed.non_numeric	runtime_throw		Compound /= on mixed_t follows delegated numeric arithmetic, then writes the boxed result back into the lhs variable.
mixed.string.nonempty_nonzero_nonbool_literal	mixed.float.zero		keyed_element			supported	throws	mixed_t	float.zero	true	divide_assign.mixed.non_numeric	runtime_throw		Compound /= on mixed_t follows delegated numeric arithmetic, then writes the boxed result back into the lhs keyed element.
mixed.string.nonempty_nonzero_nonbool_literal	mixed.float.nonzero		assignable_variable			supported	throws	mixed_t	float.zero	true	divide_assign.mixed.non_numeric	runtime_throw		Compound /= on mixed_t follows delegated numeric arithmetic, then writes the boxed result back into the lhs variable.
mixed.string.nonempty_nonzero_nonbool_literal	mixed.float.nonzero		keyed_element			supported	throws	mixed_t	float.zero	true	divide_assign.mixed.non_numeric	runtime_throw		Compound /= on mixed_t follows delegated numeric arithmetic, then writes the boxed result back into the lhs keyed element.
mixed.string.nonempty_nonzero_nonbool_literal	mixed.string.empty		assignable_variable			supported	throws	mixed_t	float.zero	true	divide_assign.mixed.non_numeric	runtime_throw		Compound /= on mixed_t follows delegated numeric arithmetic, then writes the boxed result back into the lhs variable.
mixed.string.nonempty_nonzero_nonbool_literal	mixed.string.empty		keyed_element			supported	throws	mixed_t	float.zero	true	divide_assign.mixed.non_numeric	runtime_throw		Compound /= on mixed_t follows delegated numeric arithmetic, then writes the boxed result back into the lhs keyed element.
mixed.string.nonempty_nonzero_nonbool_literal	mixed.string.zero_string		assignable_variable			supported	throws	mixed_t	float.zero	true	divide_assign.mixed.non_numeric	runtime_throw		Compound /= on mixed_t follows delegated numeric arithmetic, then writes the boxed result back into the lhs variable.
mixed.string.nonempty_nonzero_nonbool_literal	mixed.string.zero_string		keyed_element			supported	throws	mixed_t	float.zero	true	divide_assign.mixed.non_numeric	runtime_throw		Compound /= on mixed_t follows delegated numeric arithmetic, then writes the boxed result back into the lhs keyed element.
mixed.string.nonempty_nonzero_nonbool_literal	mixed.string.bool_false_literal		assignable_variable			supported	throws	mixed_t	float.zero	true	divide_assign.mixed.non_numeric	runtime_throw		Compound /= on mixed_t follows delegated numeric arithmetic, then writes the boxed result back into the lhs variable.
mixed.string.nonempty_nonzero_nonbool_literal	mixed.string.bool_false_literal		keyed_element			supported	throws	mixed_t	float.zero	true	divide_assign.mixed.non_numeric	runtime_throw		Compound /= on mixed_t follows delegated numeric arithmetic, then writes the boxed result back into the lhs keyed element.
mixed.string.nonempty_nonzero_nonbool_literal	mixed.string.bool_true_literal		assignable_variable			supported	throws	mixed_t	float.zero	true	divide_assign.mixed.non_numeric	runtime_throw		Compound /= on mixed_t follows delegated numeric arithmetic, then writes the boxed result back into the lhs variable.
mixed.string.nonempty_nonzero_nonbool_literal	mixed.string.bool_true_literal		keyed_element			supported	throws	mixed_t	float.zero	true	divide_assign.mixed.non_numeric	runtime_throw		Compound /= on mixed_t follows delegated numeric arithmetic, then writes the boxed result back into the lhs keyed element.
mixed.string.nonempty_nonzero_nonbool_literal	mixed.string.nonempty_nonzero_nonbool_literal		assignable_variable			supported	throws	mixed_t	float.zero	true	divide_assign.mixed.non_numeric	runtime_throw		Compound /= on mixed_t follows delegated numeric arithmetic, then writes the boxed result back into the lhs variable.
mixed.string.nonempty_nonzero_nonbool_literal	mixed.string.nonempty_nonzero_nonbool_literal		keyed_element			supported	throws	mixed_t	float.zero	true	divide_assign.mixed.non_numeric	runtime_throw		Compound /= on mixed_t follows delegated numeric arithmetic, then writes the boxed result back into the lhs keyed element.
mixed.string.nonempty_nonzero_nonbool_literal	mixed.hash.empty		assignable_variable			supported	throws	mixed_t	float.zero	true	divide_assign.mixed.non_numeric	runtime_throw		Compound /= on mixed_t follows delegated numeric arithmetic, then writes the boxed result back into the lhs variable.
mixed.string.nonempty_nonzero_nonbool_literal	mixed.hash.empty		keyed_element			supported	throws	mixed_t	float.zero	true	divide_assign.mixed.non_numeric	runtime_throw		Compound /= on mixed_t follows delegated numeric arithmetic, then writes the boxed result back into the lhs keyed element.
mixed.string.nonempty_nonzero_nonbool_literal	mixed.hash.nonempty		assignable_variable			supported	throws	mixed_t	float.zero	true	divide_assign.mixed.non_numeric	runtime_throw		Compound /= on mixed_t follows delegated numeric arithmetic, then writes the boxed result back into the lhs variable.
mixed.string.nonempty_nonzero_nonbool_literal	mixed.hash.nonempty		keyed_element			supported	throws	mixed_t	float.zero	true	divide_assign.mixed.non_numeric	runtime_throw		Compound /= on mixed_t follows delegated numeric arithmetic, then writes the boxed result back into the lhs keyed element.
mixed.hash.empty	mixed.null		assignable_variable			supported	throws	mixed_t	float.zero	true	divide_assign.mixed.non_numeric	runtime_throw		Compound /= on mixed_t follows delegated numeric arithmetic, then writes the boxed result back into the lhs variable.
mixed.hash.empty	mixed.null		keyed_element			supported	throws	mixed_t	float.zero	true	divide_assign.mixed.non_numeric	runtime_throw		Compound /= on mixed_t follows delegated numeric arithmetic, then writes the boxed result back into the lhs keyed element.
mixed.hash.empty	mixed.bool.false		assignable_variable			supported	throws	mixed_t	float.zero	true	divide_assign.mixed.non_numeric	runtime_throw		Compound /= on mixed_t follows delegated numeric arithmetic, then writes the boxed result back into the lhs variable.
mixed.hash.empty	mixed.bool.false		keyed_element			supported	throws	mixed_t	float.zero	true	divide_assign.mixed.non_numeric	runtime_throw		Compound /= on mixed_t follows delegated numeric arithmetic, then writes the boxed result back into the lhs keyed element.
mixed.hash.empty	mixed.bool.true		assignable_variable			supported	throws	mixed_t	float.zero	true	divide_assign.mixed.non_numeric	runtime_throw		Compound /= on mixed_t follows delegated numeric arithmetic, then writes the boxed result back into the lhs variable.
mixed.hash.empty	mixed.bool.true		keyed_element			supported	throws	mixed_t	float.zero	true	divide_assign.mixed.non_numeric	runtime_throw		Compound /= on mixed_t follows delegated numeric arithmetic, then writes the boxed result back into the lhs keyed element.
mixed.hash.empty	mixed.int.zero		assignable_variable			supported	throws	mixed_t	float.zero	true	divide_assign.mixed.non_numeric	runtime_throw		Compound /= on mixed_t follows delegated numeric arithmetic, then writes the boxed result back into the lhs variable.
mixed.hash.empty	mixed.int.zero		keyed_element			supported	throws	mixed_t	float.zero	true	divide_assign.mixed.non_numeric	runtime_throw		Compound /= on mixed_t follows delegated numeric arithmetic, then writes the boxed result back into the lhs keyed element.
mixed.hash.empty	mixed.int.nonzero		assignable_variable			supported	throws	mixed_t	float.zero	true	divide_assign.mixed.non_numeric	runtime_throw		Compound /= on mixed_t follows delegated numeric arithmetic, then writes the boxed result back into the lhs variable.
mixed.hash.empty	mixed.int.nonzero		keyed_element			supported	throws	mixed_t	float.zero	true	divide_assign.mixed.non_numeric	runtime_throw		Compound /= on mixed_t follows delegated numeric arithmetic, then writes the boxed result back into the lhs keyed element.
mixed.hash.empty	mixed.float.zero		assignable_variable			supported	throws	mixed_t	float.zero	true	divide_assign.mixed.non_numeric	runtime_throw		Compound /= on mixed_t follows delegated numeric arithmetic, then writes the boxed result back into the lhs variable.
mixed.hash.empty	mixed.float.zero		keyed_element			supported	throws	mixed_t	float.zero	true	divide_assign.mixed.non_numeric	runtime_throw		Compound /= on mixed_t follows delegated numeric arithmetic, then writes the boxed result back into the lhs keyed element.
mixed.hash.empty	mixed.float.nonzero		assignable_variable			supported	throws	mixed_t	float.zero	true	divide_assign.mixed.non_numeric	runtime_throw		Compound /= on mixed_t follows delegated numeric arithmetic, then writes the boxed result back into the lhs variable.
mixed.hash.empty	mixed.float.nonzero		keyed_element			supported	throws	mixed_t	float.zero	true	divide_assign.mixed.non_numeric	runtime_throw		Compound /= on mixed_t follows delegated numeric arithmetic, then writes the boxed result back into the lhs keyed element.
mixed.hash.empty	mixed.string.empty		assignable_variable			supported	throws	mixed_t	float.zero	true	divide_assign.mixed.non_numeric	runtime_throw		Compound /= on mixed_t follows delegated numeric arithmetic, then writes the boxed result back into the lhs variable.
mixed.hash.empty	mixed.string.empty		keyed_element			supported	throws	mixed_t	float.zero	true	divide_assign.mixed.non_numeric	runtime_throw		Compound /= on mixed_t follows delegated numeric arithmetic, then writes the boxed result back into the lhs keyed element.
mixed.hash.empty	mixed.string.zero_string		assignable_variable			supported	throws	mixed_t	float.zero	true	divide_assign.mixed.non_numeric	runtime_throw		Compound /= on mixed_t follows delegated numeric arithmetic, then writes the boxed result back into the lhs variable.
mixed.hash.empty	mixed.string.zero_string		keyed_element			supported	throws	mixed_t	float.zero	true	divide_assign.mixed.non_numeric	runtime_throw		Compound /= on mixed_t follows delegated numeric arithmetic, then writes the boxed result back into the lhs keyed element.
mixed.hash.empty	mixed.string.bool_false_literal		assignable_variable			supported	throws	mixed_t	float.zero	true	divide_assign.mixed.non_numeric	runtime_throw		Compound /= on mixed_t follows delegated numeric arithmetic, then writes the boxed result back into the lhs variable.
mixed.hash.empty	mixed.string.bool_false_literal		keyed_element			supported	throws	mixed_t	float.zero	true	divide_assign.mixed.non_numeric	runtime_throw		Compound /= on mixed_t follows delegated numeric arithmetic, then writes the boxed result back into the lhs keyed element.
mixed.hash.empty	mixed.string.bool_true_literal		assignable_variable			supported	throws	mixed_t	float.zero	true	divide_assign.mixed.non_numeric	runtime_throw		Compound /= on mixed_t follows delegated numeric arithmetic, then writes the boxed result back into the lhs variable.
mixed.hash.empty	mixed.string.bool_true_literal		keyed_element			supported	throws	mixed_t	float.zero	true	divide_assign.mixed.non_numeric	runtime_throw		Compound /= on mixed_t follows delegated numeric arithmetic, then writes the boxed result back into the lhs keyed element.
mixed.hash.empty	mixed.string.nonempty_nonzero_nonbool_literal		assignable_variable			supported	throws	mixed_t	float.zero	true	divide_assign.mixed.non_numeric	runtime_throw		Compound /= on mixed_t follows delegated numeric arithmetic, then writes the boxed result back into the lhs variable.
mixed.hash.empty	mixed.string.nonempty_nonzero_nonbool_literal		keyed_element			supported	throws	mixed_t	float.zero	true	divide_assign.mixed.non_numeric	runtime_throw		Compound /= on mixed_t follows delegated numeric arithmetic, then writes the boxed result back into the lhs keyed element.
mixed.hash.empty	mixed.hash.empty		assignable_variable			supported	throws	mixed_t	float.zero	true	divide_assign.mixed.non_numeric	runtime_throw		Compound /= on mixed_t follows delegated numeric arithmetic, then writes the boxed result back into the lhs variable.
mixed.hash.empty	mixed.hash.empty		keyed_element			supported	throws	mixed_t	float.zero	true	divide_assign.mixed.non_numeric	runtime_throw		Compound /= on mixed_t follows delegated numeric arithmetic, then writes the boxed result back into the lhs keyed element.
mixed.hash.empty	mixed.hash.nonempty		assignable_variable			supported	throws	mixed_t	float.zero	true	divide_assign.mixed.non_numeric	runtime_throw		Compound /= on mixed_t follows delegated numeric arithmetic, then writes the boxed result back into the lhs variable.
mixed.hash.empty	mixed.hash.nonempty		keyed_element			supported	throws	mixed_t	float.zero	true	divide_assign.mixed.non_numeric	runtime_throw		Compound /= on mixed_t follows delegated numeric arithmetic, then writes the boxed result back into the lhs keyed element.
mixed.hash.nonempty	mixed.null		assignable_variable			supported	throws	mixed_t	float.zero	true	divide_assign.mixed.non_numeric	runtime_throw		Compound /= on mixed_t follows delegated numeric arithmetic, then writes the boxed result back into the lhs variable.
mixed.hash.nonempty	mixed.null		keyed_element			supported	throws	mixed_t	float.zero	true	divide_assign.mixed.non_numeric	runtime_throw		Compound /= on mixed_t follows delegated numeric arithmetic, then writes the boxed result back into the lhs keyed element.
mixed.hash.nonempty	mixed.bool.false		assignable_variable			supported	throws	mixed_t	float.zero	true	divide_assign.mixed.non_numeric	runtime_throw		Compound /= on mixed_t follows delegated numeric arithmetic, then writes the boxed result back into the lhs variable.
mixed.hash.nonempty	mixed.bool.false		keyed_element			supported	throws	mixed_t	float.zero	true	divide_assign.mixed.non_numeric	runtime_throw		Compound /= on mixed_t follows delegated numeric arithmetic, then writes the boxed result back into the lhs keyed element.
mixed.hash.nonempty	mixed.bool.true		assignable_variable			supported	throws	mixed_t	float.zero	true	divide_assign.mixed.non_numeric	runtime_throw		Compound /= on mixed_t follows delegated numeric arithmetic, then writes the boxed result back into the lhs variable.
mixed.hash.nonempty	mixed.bool.true		keyed_element			supported	throws	mixed_t	float.zero	true	divide_assign.mixed.non_numeric	runtime_throw		Compound /= on mixed_t follows delegated numeric arithmetic, then writes the boxed result back into the lhs keyed element.
mixed.hash.nonempty	mixed.int.zero		assignable_variable			supported	throws	mixed_t	float.zero	true	divide_assign.mixed.non_numeric	runtime_throw		Compound /= on mixed_t follows delegated numeric arithmetic, then writes the boxed result back into the lhs variable.
mixed.hash.nonempty	mixed.int.zero		keyed_element			supported	throws	mixed_t	float.zero	true	divide_assign.mixed.non_numeric	runtime_throw		Compound /= on mixed_t follows delegated numeric arithmetic, then writes the boxed result back into the lhs keyed element.
mixed.hash.nonempty	mixed.int.nonzero		assignable_variable			supported	throws	mixed_t	float.zero	true	divide_assign.mixed.non_numeric	runtime_throw		Compound /= on mixed_t follows delegated numeric arithmetic, then writes the boxed result back into the lhs variable.
mixed.hash.nonempty	mixed.int.nonzero		keyed_element			supported	throws	mixed_t	float.zero	true	divide_assign.mixed.non_numeric	runtime_throw		Compound /= on mixed_t follows delegated numeric arithmetic, then writes the boxed result back into the lhs keyed element.
mixed.hash.nonempty	mixed.float.zero		assignable_variable			supported	throws	mixed_t	float.zero	true	divide_assign.mixed.non_numeric	runtime_throw		Compound /= on mixed_t follows delegated numeric arithmetic, then writes the boxed result back into the lhs variable.
mixed.hash.nonempty	mixed.float.zero		keyed_element			supported	throws	mixed_t	float.zero	true	divide_assign.mixed.non_numeric	runtime_throw		Compound /= on mixed_t follows delegated numeric arithmetic, then writes the boxed result back into the lhs keyed element.
mixed.hash.nonempty	mixed.float.nonzero		assignable_variable			supported	throws	mixed_t	float.zero	true	divide_assign.mixed.non_numeric	runtime_throw		Compound /= on mixed_t follows delegated numeric arithmetic, then writes the boxed result back into the lhs variable.
mixed.hash.nonempty	mixed.float.nonzero		keyed_element			supported	throws	mixed_t	float.zero	true	divide_assign.mixed.non_numeric	runtime_throw		Compound /= on mixed_t follows delegated numeric arithmetic, then writes the boxed result back into the lhs keyed element.
mixed.hash.nonempty	mixed.string.empty		assignable_variable			supported	throws	mixed_t	float.zero	true	divide_assign.mixed.non_numeric	runtime_throw		Compound /= on mixed_t follows delegated numeric arithmetic, then writes the boxed result back into the lhs variable.
mixed.hash.nonempty	mixed.string.empty		keyed_element			supported	throws	mixed_t	float.zero	true	divide_assign.mixed.non_numeric	runtime_throw		Compound /= on mixed_t follows delegated numeric arithmetic, then writes the boxed result back into the lhs keyed element.
mixed.hash.nonempty	mixed.string.zero_string		assignable_variable			supported	throws	mixed_t	float.zero	true	divide_assign.mixed.non_numeric	runtime_throw		Compound /= on mixed_t follows delegated numeric arithmetic, then writes the boxed result back into the lhs variable.
mixed.hash.nonempty	mixed.string.zero_string		keyed_element			supported	throws	mixed_t	float.zero	true	divide_assign.mixed.non_numeric	runtime_throw		Compound /= on mixed_t follows delegated numeric arithmetic, then writes the boxed result back into the lhs keyed element.
mixed.hash.nonempty	mixed.string.bool_false_literal		assignable_variable			supported	throws	mixed_t	float.zero	true	divide_assign.mixed.non_numeric	runtime_throw		Compound /= on mixed_t follows delegated numeric arithmetic, then writes the boxed result back into the lhs variable.
mixed.hash.nonempty	mixed.string.bool_false_literal		keyed_element			supported	throws	mixed_t	float.zero	true	divide_assign.mixed.non_numeric	runtime_throw		Compound /= on mixed_t follows delegated numeric arithmetic, then writes the boxed result back into the lhs keyed element.
mixed.hash.nonempty	mixed.string.bool_true_literal		assignable_variable			supported	throws	mixed_t	float.zero	true	divide_assign.mixed.non_numeric	runtime_throw		Compound /= on mixed_t follows delegated numeric arithmetic, then writes the boxed result back into the lhs variable.
mixed.hash.nonempty	mixed.string.bool_true_literal		keyed_element			supported	throws	mixed_t	float.zero	true	divide_assign.mixed.non_numeric	runtime_throw		Compound /= on mixed_t follows delegated numeric arithmetic, then writes the boxed result back into the lhs keyed element.
mixed.hash.nonempty	mixed.string.nonempty_nonzero_nonbool_literal		assignable_variable			supported	throws	mixed_t	float.zero	true	divide_assign.mixed.non_numeric	runtime_throw		Compound /= on mixed_t follows delegated numeric arithmetic, then writes the boxed result back into the lhs variable.
mixed.hash.nonempty	mixed.string.nonempty_nonzero_nonbool_literal		keyed_element			supported	throws	mixed_t	float.zero	true	divide_assign.mixed.non_numeric	runtime_throw		Compound /= on mixed_t follows delegated numeric arithmetic, then writes the boxed result back into the lhs keyed element.
mixed.hash.nonempty	mixed.hash.empty		assignable_variable			supported	throws	mixed_t	float.zero	true	divide_assign.mixed.non_numeric	runtime_throw		Compound /= on mixed_t follows delegated numeric arithmetic, then writes the boxed result back into the lhs variable.
mixed.hash.nonempty	mixed.hash.empty		keyed_element			supported	throws	mixed_t	float.zero	true	divide_assign.mixed.non_numeric	runtime_throw		Compound /= on mixed_t follows delegated numeric arithmetic, then writes the boxed result back into the lhs keyed element.
mixed.hash.nonempty	mixed.hash.nonempty		assignable_variable			supported	throws	mixed_t	float.zero	true	divide_assign.mixed.non_numeric	runtime_throw		Compound /= on mixed_t follows delegated numeric arithmetic, then writes the boxed result back into the lhs variable.
mixed.hash.nonempty	mixed.hash.nonempty		keyed_element			supported	throws	mixed_t	float.zero	true	divide_assign.mixed.non_numeric	runtime_throw		Compound /= on mixed_t follows delegated numeric arithmetic, then writes the boxed result back into the lhs keyed element.
