lhs_profile	rhs_profile	third_profile	lhs_target_kind	rhs_target_kind	third_target_kind	status	behavior_class	result_type	result_profile	edge_case	edge_case_id	test_seed_class	diagnostic_class	notes
mixed.null	mixed.null		assignable_variable			supported	throws	mixed_t	float.zero	true	subtract_assign.mixed.non_numeric	runtime_throw		Compound -= on mixed_t follows delegated numeric arithmetic, then writes the boxed result back into the lhs variable.
mixed.null	mixed.null		member_property			supported	throws	mixed_t	float.zero	true	subtract_assign.mixed.non_numeric	runtime_throw		Compound -= on mixed_t follows delegated numeric arithmetic, then writes the boxed result back into the lhs member property.
mixed.null	mixed.null		chained_writable_path			supported	throws	mixed_t	float.zero	true	subtract_assign.mixed.non_numeric	runtime_throw		Compound -= on mixed_t follows delegated numeric arithmetic, then writes the boxed result back into the lhs chained writable path.
mixed.null	mixed.null		keyed_element			supported	throws	mixed_t	float.zero	true	subtract_assign.mixed.non_numeric	runtime_throw		Compound -= on mixed_t follows delegated numeric arithmetic, then writes the boxed result back into the lhs keyed element.
mixed.null	mixed.bool.false		assignable_variable			supported	throws	mixed_t	float.zero	true	subtract_assign.mixed.non_numeric	runtime_throw		Compound -= on mixed_t follows delegated numeric arithmetic, then writes the boxed result back into the lhs variable.
mixed.null	mixed.bool.false		member_property			supported	throws	mixed_t	float.zero	true	subtract_assign.mixed.non_numeric	runtime_throw		Compound -= on mixed_t follows delegated numeric arithmetic, then writes the boxed result back into the lhs member property.
mixed.null	mixed.bool.false		chained_writable_path			supported	throws	mixed_t	float.zero	true	subtract_assign.mixed.non_numeric	runtime_throw		Compound -= on mixed_t follows delegated numeric arithmetic, then writes the boxed result back into the lhs chained writable path.
mixed.null	mixed.bool.false		keyed_element			supported	throws	mixed_t	float.zero	true	subtract_assign.mixed.non_numeric	runtime_throw		Compound -= on mixed_t follows delegated numeric arithmetic, then writes the boxed result back into the lhs keyed element.
mixed.null	mixed.bool.true		assignable_variable			supported	throws	mixed_t	float.zero	true	subtract_assign.mixed.non_numeric	runtime_throw		Compound -= on mixed_t follows delegated numeric arithmetic, then writes the boxed result back into the lhs variable.
mixed.null	mixed.bool.true		member_property			supported	throws	mixed_t	float.zero	true	subtract_assign.mixed.non_numeric	runtime_throw		Compound -= on mixed_t follows delegated numeric arithmetic, then writes the boxed result back into the lhs member property.
mixed.null	mixed.bool.true		chained_writable_path			supported	throws	mixed_t	float.zero	true	subtract_assign.mixed.non_numeric	runtime_throw		Compound -= on mixed_t follows delegated numeric arithmetic, then writes the boxed result back into the lhs chained writable path.
mixed.null	mixed.bool.true		keyed_element			supported	throws	mixed_t	float.zero	true	subtract_assign.mixed.non_numeric	runtime_throw		Compound -= on mixed_t follows delegated numeric arithmetic, then writes the boxed result back into the lhs keyed element.
mixed.null	mixed.int.zero		assignable_variable			supported	throws	mixed_t	float.zero	true	subtract_assign.mixed.non_numeric	runtime_throw		Compound -= on mixed_t follows delegated numeric arithmetic, then writes the boxed result back into the lhs variable.
mixed.null	mixed.int.zero		member_property			supported	throws	mixed_t	float.zero	true	subtract_assign.mixed.non_numeric	runtime_throw		Compound -= on mixed_t follows delegated numeric arithmetic, then writes the boxed result back into the lhs member property.
mixed.null	mixed.int.zero		chained_writable_path			supported	throws	mixed_t	float.zero	true	subtract_assign.mixed.non_numeric	runtime_throw		Compound -= on mixed_t follows delegated numeric arithmetic, then writes the boxed result back into the lhs chained writable path.
mixed.null	mixed.int.zero		keyed_element			supported	throws	mixed_t	float.zero	true	subtract_assign.mixed.non_numeric	runtime_throw		Compound -= on mixed_t follows delegated numeric arithmetic, then writes the boxed result back into the lhs keyed element.
mixed.null	mixed.int.nonzero		assignable_variable			supported	throws	mixed_t	float.zero	true	subtract_assign.mixed.non_numeric	runtime_throw		Compound -= on mixed_t follows delegated numeric arithmetic, then writes the boxed result back into the lhs variable.
mixed.null	mixed.int.nonzero		member_property			supported	throws	mixed_t	float.zero	true	subtract_assign.mixed.non_numeric	runtime_throw		Compound -= on mixed_t follows delegated numeric arithmetic, then writes the boxed result back into the lhs member property.
mixed.null	mixed.int.nonzero		chained_writable_path			supported	throws	mixed_t	float.zero	true	subtract_assign.mixed.non_numeric	runtime_throw		Compound -= on mixed_t follows delegated numeric arithmetic, then writes the boxed result back into the lhs chained writable path.
mixed.null	mixed.int.nonzero		keyed_element			supported	throws	mixed_t	float.zero	true	subtract_assign.mixed.non_numeric	runtime_throw		Compound -= on mixed_t follows delegated numeric arithmetic, then writes the boxed result back into the lhs keyed element.
mixed.null	mixed.float.zero		assignable_variable			supported	throws	mixed_t	float.zero	true	subtract_assign.mixed.non_numeric	runtime_throw		Compound -= on mixed_t follows delegated numeric arithmetic, then writes the boxed result back into the lhs variable.
mixed.null	mixed.float.zero		member_property			supported	throws	mixed_t	float.zero	true	subtract_assign.mixed.non_numeric	runtime_throw		Compound -= on mixed_t follows delegated numeric arithmetic, then writes the boxed result back into the lhs member property.
mixed.null	mixed.float.zero		chained_writable_path			supported	throws	mixed_t	float.zero	true	subtract_assign.mixed.non_numeric	runtime_throw		Compound -= on mixed_t follows delegated numeric arithmetic, then writes the boxed result back into the lhs chained writable path.
mixed.null	mixed.float.zero		keyed_element			supported	throws	mixed_t	float.zero	true	subtract_assign.mixed.non_numeric	runtime_throw		Compound -= on mixed_t follows delegated numeric arithmetic, then writes the boxed result back into the lhs keyed element.
mixed.null	mixed.float.nonzero		assignable_variable			supported	throws	mixed_t	float.zero	true	subtract_assign.mixed.non_numeric	runtime_throw		Compound -= on mixed_t follows delegated numeric arithmetic, then writes the boxed result back into the lhs variable.
mixed.null	mixed.float.nonzero		member_property			supported	throws	mixed_t	float.zero	true	subtract_assign.mixed.non_numeric	runtime_throw		Compound -= on mixed_t follows delegated numeric arithmetic, then writes the boxed result back into the lhs member property.
mixed.null	mixed.float.nonzero		chained_writable_path			supported	throws	mixed_t	float.zero	true	subtract_assign.mixed.non_numeric	runtime_throw		Compound -= on mixed_t follows delegated numeric arithmetic, then writes the boxed result back into the lhs chained writable path.
mixed.null	mixed.float.nonzero		keyed_element			supported	throws	mixed_t	float.zero	true	subtract_assign.mixed.non_numeric	runtime_throw		Compound -= on mixed_t follows delegated numeric arithmetic, then writes the boxed result back into the lhs keyed element.
mixed.null	mixed.string.empty		assignable_variable			supported	throws	mixed_t	float.zero	true	subtract_assign.mixed.non_numeric	runtime_throw		Compound -= on mixed_t follows delegated numeric arithmetic, then writes the boxed result back into the lhs variable.
mixed.null	mixed.string.empty		member_property			supported	throws	mixed_t	float.zero	true	subtract_assign.mixed.non_numeric	runtime_throw		Compound -= on mixed_t follows delegated numeric arithmetic, then writes the boxed result back into the lhs member property.
mixed.null	mixed.string.empty		chained_writable_path			supported	throws	mixed_t	float.zero	true	subtract_assign.mixed.non_numeric	runtime_throw		Compound -= on mixed_t follows delegated numeric arithmetic, then writes the boxed result back into the lhs chained writable path.
mixed.null	mixed.string.empty		keyed_element			supported	throws	mixed_t	float.zero	true	subtract_assign.mixed.non_numeric	runtime_throw		Compound -= on mixed_t follows delegated numeric arithmetic, then writes the boxed result back into the lhs keyed element.
mixed.null	mixed.string.zero_string		assignable_variable			supported	throws	mixed_t	float.zero	true	subtract_assign.mixed.non_numeric	runtime_throw		Compound -= on mixed_t follows delegated numeric arithmetic, then writes the boxed result back into the lhs variable.
mixed.null	mixed.string.zero_string		member_property			supported	throws	mixed_t	float.zero	true	subtract_assign.mixed.non_numeric	runtime_throw		Compound -= on mixed_t follows delegated numeric arithmetic, then writes the boxed result back into the lhs member property.
mixed.null	mixed.string.zero_string		chained_writable_path			supported	throws	mixed_t	float.zero	true	subtract_assign.mixed.non_numeric	runtime_throw		Compound -= on mixed_t follows delegated numeric arithmetic, then writes the boxed result back into the lhs chained writable path.
mixed.null	mixed.string.zero_string		keyed_element			supported	throws	mixed_t	float.zero	true	subtract_assign.mixed.non_numeric	runtime_throw		Compound -= on mixed_t follows delegated numeric arithmetic, then writes the boxed result back into the lhs keyed element.
mixed.null	mixed.string.bool_false_literal		assignable_variable			supported	throws	mixed_t	float.zero	true	subtract_assign.mixed.non_numeric	runtime_throw		Compound -= on mixed_t follows delegated numeric arithmetic, then writes the boxed result back into the lhs variable.
mixed.null	mixed.string.bool_false_literal		member_property			supported	throws	mixed_t	float.zero	true	subtract_assign.mixed.non_numeric	runtime_throw		Compound -= on mixed_t follows delegated numeric arithmetic, then writes the boxed result back into the lhs member property.
mixed.null	mixed.string.bool_false_literal		chained_writable_path			supported	throws	mixed_t	float.zero	true	subtract_assign.mixed.non_numeric	runtime_throw		Compound -= on mixed_t follows delegated numeric arithmetic, then writes the boxed result back into the lhs chained writable path.
mixed.null	mixed.string.bool_false_literal		keyed_element			supported	throws	mixed_t	float.zero	true	subtract_assign.mixed.non_numeric	runtime_throw		Compound -= on mixed_t follows delegated numeric arithmetic, then writes the boxed result back into the lhs keyed element.
mixed.null	mixed.string.bool_true_literal		assignable_variable			supported	throws	mixed_t	float.zero	true	subtract_assign.mixed.non_numeric	runtime_throw		Compound -= on mixed_t follows delegated numeric arithmetic, then writes the boxed result back into the lhs variable.
mixed.null	mixed.string.bool_true_literal		member_property			supported	throws	mixed_t	float.zero	true	subtract_assign.mixed.non_numeric	runtime_throw		Compound -= on mixed_t follows delegated numeric arithmetic, then writes the boxed result back into the lhs member property.
mixed.null	mixed.string.bool_true_literal		chained_writable_path			supported	throws	mixed_t	float.zero	true	subtract_assign.mixed.non_numeric	runtime_throw		Compound -= on mixed_t follows delegated numeric arithmetic, then writes the boxed result back into the lhs chained writable path.
mixed.null	mixed.string.bool_true_literal		keyed_element			supported	throws	mixed_t	float.zero	true	subtract_assign.mixed.non_numeric	runtime_throw		Compound -= on mixed_t follows delegated numeric arithmetic, then writes the boxed result back into the lhs keyed element.
mixed.null	mixed.string.nonempty_nonzero_nonbool_literal		assignable_variable			supported	throws	mixed_t	float.zero	true	subtract_assign.mixed.non_numeric	runtime_throw		Compound -= on mixed_t follows delegated numeric arithmetic, then writes the boxed result back into the lhs variable.
mixed.null	mixed.string.nonempty_nonzero_nonbool_literal		member_property			supported	throws	mixed_t	float.zero	true	subtract_assign.mixed.non_numeric	runtime_throw		Compound -= on mixed_t follows delegated numeric arithmetic, then writes the boxed result back into the lhs member property.
mixed.null	mixed.string.nonempty_nonzero_nonbool_literal		chained_writable_path			supported	throws	mixed_t	float.zero	true	subtract_assign.mixed.non_numeric	runtime_throw		Compound -= on mixed_t follows delegated numeric arithmetic, then writes the boxed result back into the lhs chained writable path.
mixed.null	mixed.string.nonempty_nonzero_nonbool_literal		keyed_element			supported	throws	mixed_t	float.zero	true	subtract_assign.mixed.non_numeric	runtime_throw		Compound -= on mixed_t follows delegated numeric arithmetic, then writes the boxed result back into the lhs keyed element.
mixed.null	mixed.hash.empty		assignable_variable			supported	throws	mixed_t	float.zero	true	subtract_assign.mixed.non_numeric	runtime_throw		Compound -= on mixed_t follows delegated numeric arithmetic, then writes the boxed result back into the lhs variable.
mixed.null	mixed.hash.empty		member_property			supported	throws	mixed_t	float.zero	true	subtract_assign.mixed.non_numeric	runtime_throw		Compound -= on mixed_t follows delegated numeric arithmetic, then writes the boxed result back into the lhs member property.
mixed.null	mixed.hash.empty		chained_writable_path			supported	throws	mixed_t	float.zero	true	subtract_assign.mixed.non_numeric	runtime_throw		Compound -= on mixed_t follows delegated numeric arithmetic, then writes the boxed result back into the lhs chained writable path.
mixed.null	mixed.hash.empty		keyed_element			supported	throws	mixed_t	float.zero	true	subtract_assign.mixed.non_numeric	runtime_throw		Compound -= on mixed_t follows delegated numeric arithmetic, then writes the boxed result back into the lhs keyed element.
mixed.null	mixed.hash.nonempty		assignable_variable			supported	throws	mixed_t	float.zero	true	subtract_assign.mixed.non_numeric	runtime_throw		Compound -= on mixed_t follows delegated numeric arithmetic, then writes the boxed result back into the lhs variable.
mixed.null	mixed.hash.nonempty		member_property			supported	throws	mixed_t	float.zero	true	subtract_assign.mixed.non_numeric	runtime_throw		Compound -= on mixed_t follows delegated numeric arithmetic, then writes the boxed result back into the lhs member property.
mixed.null	mixed.hash.nonempty		chained_writable_path			supported	throws	mixed_t	float.zero	true	subtract_assign.mixed.non_numeric	runtime_throw		Compound -= on mixed_t follows delegated numeric arithmetic, then writes the boxed result back into the lhs chained writable path.
mixed.null	mixed.hash.nonempty		keyed_element			supported	throws	mixed_t	float.zero	true	subtract_assign.mixed.non_numeric	runtime_throw		Compound -= on mixed_t follows delegated numeric arithmetic, then writes the boxed result back into the lhs keyed element.
mixed.bool.false	mixed.null		assignable_variable			supported	throws	mixed_t	float.zero	true	subtract_assign.mixed.non_numeric	runtime_throw		Compound -= on mixed_t follows delegated numeric arithmetic, then writes the boxed result back into the lhs variable.
mixed.bool.false	mixed.null		member_property			supported	throws	mixed_t	float.zero	true	subtract_assign.mixed.non_numeric	runtime_throw		Compound -= on mixed_t follows delegated numeric arithmetic, then writes the boxed result back into the lhs member property.
mixed.bool.false	mixed.null		chained_writable_path			supported	throws	mixed_t	float.zero	true	subtract_assign.mixed.non_numeric	runtime_throw		Compound -= on mixed_t follows delegated numeric arithmetic, then writes the boxed result back into the lhs chained writable path.
mixed.bool.false	mixed.null		keyed_element			supported	throws	mixed_t	float.zero	true	subtract_assign.mixed.non_numeric	runtime_throw		Compound -= on mixed_t follows delegated numeric arithmetic, then writes the boxed result back into the lhs keyed element.
mixed.bool.false	mixed.bool.false		assignable_variable			supported	throws	mixed_t	float.zero	true	subtract_assign.mixed.non_numeric	runtime_throw		Compound -= on mixed_t follows delegated numeric arithmetic, then writes the boxed result back into the lhs variable.
mixed.bool.false	mixed.bool.false		member_property			supported	throws	mixed_t	float.zero	true	subtract_assign.mixed.non_numeric	runtime_throw		Compound -= on mixed_t follows delegated numeric arithmetic, then writes the boxed result back into the lhs member property.
mixed.bool.false	mixed.bool.false		chained_writable_path			supported	throws	mixed_t	float.zero	true	subtract_assign.mixed.non_numeric	runtime_throw		Compound -= on mixed_t follows delegated numeric arithmetic, then writes the boxed result back into the lhs chained writable path.
mixed.bool.false	mixed.bool.false		keyed_element			supported	throws	mixed_t	float.zero	true	subtract_assign.mixed.non_numeric	runtime_throw		Compound -= on mixed_t follows delegated numeric arithmetic, then writes the boxed result back into the lhs keyed element.
mixed.bool.false	mixed.bool.true		assignable_variable			supported	throws	mixed_t	float.zero	true	subtract_assign.mixed.non_numeric	runtime_throw		Compound -= on mixed_t follows delegated numeric arithmetic, then writes the boxed result back into the lhs variable.
mixed.bool.false	mixed.bool.true		member_property			supported	throws	mixed_t	float.zero	true	subtract_assign.mixed.non_numeric	runtime_throw		Compound -= on mixed_t follows delegated numeric arithmetic, then writes the boxed result back into the lhs member property.
mixed.bool.false	mixed.bool.true		chained_writable_path			supported	throws	mixed_t	float.zero	true	subtract_assign.mixed.non_numeric	runtime_throw		Compound -= on mixed_t follows delegated numeric arithmetic, then writes the boxed result back into the lhs chained writable path.
mixed.bool.false	mixed.bool.true		keyed_element			supported	throws	mixed_t	float.zero	true	subtract_assign.mixed.non_numeric	runtime_throw		Compound -= on mixed_t follows delegated numeric arithmetic, then writes the boxed result back into the lhs keyed element.
mixed.bool.false	mixed.int.zero		assignable_variable			supported	throws	mixed_t	float.zero	true	subtract_assign.mixed.non_numeric	runtime_throw		Compound -= on mixed_t follows delegated numeric arithmetic, then writes the boxed result back into the lhs variable.
mixed.bool.false	mixed.int.zero		member_property			supported	throws	mixed_t	float.zero	true	subtract_assign.mixed.non_numeric	runtime_throw		Compound -= on mixed_t follows delegated numeric arithmetic, then writes the boxed result back into the lhs member property.
mixed.bool.false	mixed.int.zero		chained_writable_path			supported	throws	mixed_t	float.zero	true	subtract_assign.mixed.non_numeric	runtime_throw		Compound -= on mixed_t follows delegated numeric arithmetic, then writes the boxed result back into the lhs chained writable path.
mixed.bool.false	mixed.int.zero		keyed_element			supported	throws	mixed_t	float.zero	true	subtract_assign.mixed.non_numeric	runtime_throw		Compound -= on mixed_t follows delegated numeric arithmetic, then writes the boxed result back into the lhs keyed element.
mixed.bool.false	mixed.int.nonzero		assignable_variable			supported	throws	mixed_t	float.zero	true	subtract_assign.mixed.non_numeric	runtime_throw		Compound -= on mixed_t follows delegated numeric arithmetic, then writes the boxed result back into the lhs variable.
mixed.bool.false	mixed.int.nonzero		member_property			supported	throws	mixed_t	float.zero	true	subtract_assign.mixed.non_numeric	runtime_throw		Compound -= on mixed_t follows delegated numeric arithmetic, then writes the boxed result back into the lhs member property.
mixed.bool.false	mixed.int.nonzero		chained_writable_path			supported	throws	mixed_t	float.zero	true	subtract_assign.mixed.non_numeric	runtime_throw		Compound -= on mixed_t follows delegated numeric arithmetic, then writes the boxed result back into the lhs chained writable path.
mixed.bool.false	mixed.int.nonzero		keyed_element			supported	throws	mixed_t	float.zero	true	subtract_assign.mixed.non_numeric	runtime_throw		Compound -= on mixed_t follows delegated numeric arithmetic, then writes the boxed result back into the lhs keyed element.
mixed.bool.false	mixed.float.zero		assignable_variable			supported	throws	mixed_t	float.zero	true	subtract_assign.mixed.non_numeric	runtime_throw		Compound -= on mixed_t follows delegated numeric arithmetic, then writes the boxed result back into the lhs variable.
mixed.bool.false	mixed.float.zero		member_property			supported	throws	mixed_t	float.zero	true	subtract_assign.mixed.non_numeric	runtime_throw		Compound -= on mixed_t follows delegated numeric arithmetic, then writes the boxed result back into the lhs member property.
mixed.bool.false	mixed.float.zero		chained_writable_path			supported	throws	mixed_t	float.zero	true	subtract_assign.mixed.non_numeric	runtime_throw		Compound -= on mixed_t follows delegated numeric arithmetic, then writes the boxed result back into the lhs chained writable path.
mixed.bool.false	mixed.float.zero		keyed_element			supported	throws	mixed_t	float.zero	true	subtract_assign.mixed.non_numeric	runtime_throw		Compound -= on mixed_t follows delegated numeric arithmetic, then writes the boxed result back into the lhs keyed element.
mixed.bool.false	mixed.float.nonzero		assignable_variable			supported	throws	mixed_t	float.zero	true	subtract_assign.mixed.non_numeric	runtime_throw		Compound -= on mixed_t follows delegated numeric arithmetic, then writes the boxed result back into the lhs variable.
mixed.bool.false	mixed.float.nonzero		member_property			supported	throws	mixed_t	float.zero	true	subtract_assign.mixed.non_numeric	runtime_throw		Compound -= on mixed_t follows delegated numeric arithmetic, then writes the boxed result back into the lhs member property.
mixed.bool.false	mixed.float.nonzero		chained_writable_path			supported	throws	mixed_t	float.zero	true	subtract_assign.mixed.non_numeric	runtime_throw		Compound -= on mixed_t follows delegated numeric arithmetic, then writes the boxed result back into the lhs chained writable path.
mixed.bool.false	mixed.float.nonzero		keyed_element			supported	throws	mixed_t	float.zero	true	subtract_assign.mixed.non_numeric	runtime_throw		Compound -= on mixed_t follows delegated numeric arithmetic, then writes the boxed result back into the lhs keyed element.
mixed.bool.false	mixed.string.empty		assignable_variable			supported	throws	mixed_t	float.zero	true	subtract_assign.mixed.non_numeric	runtime_throw		Compound -= on mixed_t follows delegated numeric arithmetic, then writes the boxed result back into the lhs variable.
mixed.bool.false	mixed.string.empty		member_property			supported	throws	mixed_t	float.zero	true	subtract_assign.mixed.non_numeric	runtime_throw		Compound -= on mixed_t follows delegated numeric arithmetic, then writes the boxed result back into the lhs member property.
mixed.bool.false	mixed.string.empty		chained_writable_path			supported	throws	mixed_t	float.zero	true	subtract_assign.mixed.non_numeric	runtime_throw		Compound -= on mixed_t follows delegated numeric arithmetic, then writes the boxed result back into the lhs chained writable path.
mixed.bool.false	mixed.string.empty		keyed_element			supported	throws	mixed_t	float.zero	true	subtract_assign.mixed.non_numeric	runtime_throw		Compound -= on mixed_t follows delegated numeric arithmetic, then writes the boxed result back into the lhs keyed element.
mixed.bool.false	mixed.string.zero_string		assignable_variable			supported	throws	mixed_t	float.zero	true	subtract_assign.mixed.non_numeric	runtime_throw		Compound -= on mixed_t follows delegated numeric arithmetic, then writes the boxed result back into the lhs variable.
mixed.bool.false	mixed.string.zero_string		member_property			supported	throws	mixed_t	float.zero	true	subtract_assign.mixed.non_numeric	runtime_throw		Compound -= on mixed_t follows delegated numeric arithmetic, then writes the boxed result back into the lhs member property.
mixed.bool.false	mixed.string.zero_string		chained_writable_path			supported	throws	mixed_t	float.zero	true	subtract_assign.mixed.non_numeric	runtime_throw		Compound -= on mixed_t follows delegated numeric arithmetic, then writes the boxed result back into the lhs chained writable path.
mixed.bool.false	mixed.string.zero_string		keyed_element			supported	throws	mixed_t	float.zero	true	subtract_assign.mixed.non_numeric	runtime_throw		Compound -= on mixed_t follows delegated numeric arithmetic, then writes the boxed result back into the lhs keyed element.
mixed.bool.false	mixed.string.bool_false_literal		assignable_variable			supported	throws	mixed_t	float.zero	true	subtract_assign.mixed.non_numeric	runtime_throw		Compound -= on mixed_t follows delegated numeric arithmetic, then writes the boxed result back into the lhs variable.
mixed.bool.false	mixed.string.bool_false_literal		member_property			supported	throws	mixed_t	float.zero	true	subtract_assign.mixed.non_numeric	runtime_throw		Compound -= on mixed_t follows delegated numeric arithmetic, then writes the boxed result back into the lhs member property.
mixed.bool.false	mixed.string.bool_false_literal		chained_writable_path			supported	throws	mixed_t	float.zero	true	subtract_assign.mixed.non_numeric	runtime_throw		Compound -= on mixed_t follows delegated numeric arithmetic, then writes the boxed result back into the lhs chained writable path.
mixed.bool.false	mixed.string.bool_false_literal		keyed_element			supported	throws	mixed_t	float.zero	true	subtract_assign.mixed.non_numeric	runtime_throw		Compound -= on mixed_t follows delegated numeric arithmetic, then writes the boxed result back into the lhs keyed element.
mixed.bool.false	mixed.string.bool_true_literal		assignable_variable			supported	throws	mixed_t	float.zero	true	subtract_assign.mixed.non_numeric	runtime_throw		Compound -= on mixed_t follows delegated numeric arithmetic, then writes the boxed result back into the lhs variable.
mixed.bool.false	mixed.string.bool_true_literal		member_property			supported	throws	mixed_t	float.zero	true	subtract_assign.mixed.non_numeric	runtime_throw		Compound -= on mixed_t follows delegated numeric arithmetic, then writes the boxed result back into the lhs member property.
mixed.bool.false	mixed.string.bool_true_literal		chained_writable_path			supported	throws	mixed_t	float.zero	true	subtract_assign.mixed.non_numeric	runtime_throw		Compound -= on mixed_t follows delegated numeric arithmetic, then writes the boxed result back into the lhs chained writable path.
mixed.bool.false	mixed.string.bool_true_literal		keyed_element			supported	throws	mixed_t	float.zero	true	subtract_assign.mixed.non_numeric	runtime_throw		Compound -= on mixed_t follows delegated numeric arithmetic, then writes the boxed result back into the lhs keyed element.
mixed.bool.false	mixed.string.nonempty_nonzero_nonbool_literal		assignable_variable			supported	throws	mixed_t	float.zero	true	subtract_assign.mixed.non_numeric	runtime_throw		Compound -= on mixed_t follows delegated numeric arithmetic, then writes the boxed result back into the lhs variable.
mixed.bool.false	mixed.string.nonempty_nonzero_nonbool_literal		member_property			supported	throws	mixed_t	float.zero	true	subtract_assign.mixed.non_numeric	runtime_throw		Compound -= on mixed_t follows delegated numeric arithmetic, then writes the boxed result back into the lhs member property.
mixed.bool.false	mixed.string.nonempty_nonzero_nonbool_literal		chained_writable_path			supported	throws	mixed_t	float.zero	true	subtract_assign.mixed.non_numeric	runtime_throw		Compound -= on mixed_t follows delegated numeric arithmetic, then writes the boxed result back into the lhs chained writable path.
mixed.bool.false	mixed.string.nonempty_nonzero_nonbool_literal		keyed_element			supported	throws	mixed_t	float.zero	true	subtract_assign.mixed.non_numeric	runtime_throw		Compound -= on mixed_t follows delegated numeric arithmetic, then writes the boxed result back into the lhs keyed element.
mixed.bool.false	mixed.hash.empty		assignable_variable			supported	throws	mixed_t	float.zero	true	subtract_assign.mixed.non_numeric	runtime_throw		Compound -= on mixed_t follows delegated numeric arithmetic, then writes the boxed result back into the lhs variable.
mixed.bool.false	mixed.hash.empty		member_property			supported	throws	mixed_t	float.zero	true	subtract_assign.mixed.non_numeric	runtime_throw		Compound -= on mixed_t follows delegated numeric arithmetic, then writes the boxed result back into the lhs member property.
mixed.bool.false	mixed.hash.empty		chained_writable_path			supported	throws	mixed_t	float.zero	true	subtract_assign.mixed.non_numeric	runtime_throw		Compound -= on mixed_t follows delegated numeric arithmetic, then writes the boxed result back into the lhs chained writable path.
mixed.bool.false	mixed.hash.empty		keyed_element			supported	throws	mixed_t	float.zero	true	subtract_assign.mixed.non_numeric	runtime_throw		Compound -= on mixed_t follows delegated numeric arithmetic, then writes the boxed result back into the lhs keyed element.
mixed.bool.false	mixed.hash.nonempty		assignable_variable			supported	throws	mixed_t	float.zero	true	subtract_assign.mixed.non_numeric	runtime_throw		Compound -= on mixed_t follows delegated numeric arithmetic, then writes the boxed result back into the lhs variable.
mixed.bool.false	mixed.hash.nonempty		member_property			supported	throws	mixed_t	float.zero	true	subtract_assign.mixed.non_numeric	runtime_throw		Compound -= on mixed_t follows delegated numeric arithmetic, then writes the boxed result back into the lhs member property.
mixed.bool.false	mixed.hash.nonempty		chained_writable_path			supported	throws	mixed_t	float.zero	true	subtract_assign.mixed.non_numeric	runtime_throw		Compound -= on mixed_t follows delegated numeric arithmetic, then writes the boxed result back into the lhs chained writable path.
mixed.bool.false	mixed.hash.nonempty		keyed_element			supported	throws	mixed_t	float.zero	true	subtract_assign.mixed.non_numeric	runtime_throw		Compound -= on mixed_t follows delegated numeric arithmetic, then writes the boxed result back into the lhs keyed element.
mixed.bool.true	mixed.null		assignable_variable			supported	throws	mixed_t	float.zero	true	subtract_assign.mixed.non_numeric	runtime_throw		Compound -= on mixed_t follows delegated numeric arithmetic, then writes the boxed result back into the lhs variable.
mixed.bool.true	mixed.null		member_property			supported	throws	mixed_t	float.zero	true	subtract_assign.mixed.non_numeric	runtime_throw		Compound -= on mixed_t follows delegated numeric arithmetic, then writes the boxed result back into the lhs member property.
mixed.bool.true	mixed.null		chained_writable_path			supported	throws	mixed_t	float.zero	true	subtract_assign.mixed.non_numeric	runtime_throw		Compound -= on mixed_t follows delegated numeric arithmetic, then writes the boxed result back into the lhs chained writable path.
mixed.bool.true	mixed.null		keyed_element			supported	throws	mixed_t	float.zero	true	subtract_assign.mixed.non_numeric	runtime_throw		Compound -= on mixed_t follows delegated numeric arithmetic, then writes the boxed result back into the lhs keyed element.
mixed.bool.true	mixed.bool.false		assignable_variable			supported	throws	mixed_t	float.zero	true	subtract_assign.mixed.non_numeric	runtime_throw		Compound -= on mixed_t follows delegated numeric arithmetic, then writes the boxed result back into the lhs variable.
mixed.bool.true	mixed.bool.false		member_property			supported	throws	mixed_t	float.zero	true	subtract_assign.mixed.non_numeric	runtime_throw		Compound -= on mixed_t follows delegated numeric arithmetic, then writes the boxed result back into the lhs member property.
mixed.bool.true	mixed.bool.false		chained_writable_path			supported	throws	mixed_t	float.zero	true	subtract_assign.mixed.non_numeric	runtime_throw		Compound -= on mixed_t follows delegated numeric arithmetic, then writes the boxed result back into the lhs chained writable path.
mixed.bool.true	mixed.bool.false		keyed_element			supported	throws	mixed_t	float.zero	true	subtract_assign.mixed.non_numeric	runtime_throw		Compound -= on mixed_t follows delegated numeric arithmetic, then writes the boxed result back into the lhs keyed element.
mixed.bool.true	mixed.bool.true		assignable_variable			supported	throws	mixed_t	float.zero	true	subtract_assign.mixed.non_numeric	runtime_throw		Compound -= on mixed_t follows delegated numeric arithmetic, then writes the boxed result back into the lhs variable.
mixed.bool.true	mixed.bool.true		member_property			supported	throws	mixed_t	float.zero	true	subtract_assign.mixed.non_numeric	runtime_throw		Compound -= on mixed_t follows delegated numeric arithmetic, then writes the boxed result back into the lhs member property.
mixed.bool.true	mixed.bool.true		chained_writable_path			supported	throws	mixed_t	float.zero	true	subtract_assign.mixed.non_numeric	runtime_throw		Compound -= on mixed_t follows delegated numeric arithmetic, then writes the boxed result back into the lhs chained writable path.
mixed.bool.true	mixed.bool.true		keyed_element			supported	throws	mixed_t	float.zero	true	subtract_assign.mixed.non_numeric	runtime_throw		Compound -= on mixed_t follows delegated numeric arithmetic, then writes the boxed result back into the lhs keyed element.
mixed.bool.true	mixed.int.zero		assignable_variable			supported	throws	mixed_t	float.zero	true	subtract_assign.mixed.non_numeric	runtime_throw		Compound -= on mixed_t follows delegated numeric arithmetic, then writes the boxed result back into the lhs variable.
mixed.bool.true	mixed.int.zero		member_property			supported	throws	mixed_t	float.zero	true	subtract_assign.mixed.non_numeric	runtime_throw		Compound -= on mixed_t follows delegated numeric arithmetic, then writes the boxed result back into the lhs member property.
mixed.bool.true	mixed.int.zero		chained_writable_path			supported	throws	mixed_t	float.zero	true	subtract_assign.mixed.non_numeric	runtime_throw		Compound -= on mixed_t follows delegated numeric arithmetic, then writes the boxed result back into the lhs chained writable path.
mixed.bool.true	mixed.int.zero		keyed_element			supported	throws	mixed_t	float.zero	true	subtract_assign.mixed.non_numeric	runtime_throw		Compound -= on mixed_t follows delegated numeric arithmetic, then writes the boxed result back into the lhs keyed element.
mixed.bool.true	mixed.int.nonzero		assignable_variable			supported	throws	mixed_t	float.zero	true	subtract_assign.mixed.non_numeric	runtime_throw		Compound -= on mixed_t follows delegated numeric arithmetic, then writes the boxed result back into the lhs variable.
mixed.bool.true	mixed.int.nonzero		member_property			supported	throws	mixed_t	float.zero	true	subtract_assign.mixed.non_numeric	runtime_throw		Compound -= on mixed_t follows delegated numeric arithmetic, then writes the boxed result back into the lhs member property.
mixed.bool.true	mixed.int.nonzero		chained_writable_path			supported	throws	mixed_t	float.zero	true	subtract_assign.mixed.non_numeric	runtime_throw		Compound -= on mixed_t follows delegated numeric arithmetic, then writes the boxed result back into the lhs chained writable path.
mixed.bool.true	mixed.int.nonzero		keyed_element			supported	throws	mixed_t	float.zero	true	subtract_assign.mixed.non_numeric	runtime_throw		Compound -= on mixed_t follows delegated numeric arithmetic, then writes the boxed result back into the lhs keyed element.
mixed.bool.true	mixed.float.zero		assignable_variable			supported	throws	mixed_t	float.zero	true	subtract_assign.mixed.non_numeric	runtime_throw		Compound -= on mixed_t follows delegated numeric arithmetic, then writes the boxed result back into the lhs variable.
mixed.bool.true	mixed.float.zero		member_property			supported	throws	mixed_t	float.zero	true	subtract_assign.mixed.non_numeric	runtime_throw		Compound -= on mixed_t follows delegated numeric arithmetic, then writes the boxed result back into the lhs member property.
mixed.bool.true	mixed.float.zero		chained_writable_path			supported	throws	mixed_t	float.zero	true	subtract_assign.mixed.non_numeric	runtime_throw		Compound -= on mixed_t follows delegated numeric arithmetic, then writes the boxed result back into the lhs chained writable path.
mixed.bool.true	mixed.float.zero		keyed_element			supported	throws	mixed_t	float.zero	true	subtract_assign.mixed.non_numeric	runtime_throw		Compound -= on mixed_t follows delegated numeric arithmetic, then writes the boxed result back into the lhs keyed element.
mixed.bool.true	mixed.float.nonzero		assignable_variable			supported	throws	mixed_t	float.zero	true	subtract_assign.mixed.non_numeric	runtime_throw		Compound -= on mixed_t follows delegated numeric arithmetic, then writes the boxed result back into the lhs variable.
mixed.bool.true	mixed.float.nonzero		member_property			supported	throws	mixed_t	float.zero	true	subtract_assign.mixed.non_numeric	runtime_throw		Compound -= on mixed_t follows delegated numeric arithmetic, then writes the boxed result back into the lhs member property.
mixed.bool.true	mixed.float.nonzero		chained_writable_path			supported	throws	mixed_t	float.zero	true	subtract_assign.mixed.non_numeric	runtime_throw		Compound -= on mixed_t follows delegated numeric arithmetic, then writes the boxed result back into the lhs chained writable path.
mixed.bool.true	mixed.float.nonzero		keyed_element			supported	throws	mixed_t	float.zero	true	subtract_assign.mixed.non_numeric	runtime_throw		Compound -= on mixed_t follows delegated numeric arithmetic, then writes the boxed result back into the lhs keyed element.
mixed.bool.true	mixed.string.empty		assignable_variable			supported	throws	mixed_t	float.zero	true	subtract_assign.mixed.non_numeric	runtime_throw		Compound -= on mixed_t follows delegated numeric arithmetic, then writes the boxed result back into the lhs variable.
mixed.bool.true	mixed.string.empty		member_property			supported	throws	mixed_t	float.zero	true	subtract_assign.mixed.non_numeric	runtime_throw		Compound -= on mixed_t follows delegated numeric arithmetic, then writes the boxed result back into the lhs member property.
mixed.bool.true	mixed.string.empty		chained_writable_path			supported	throws	mixed_t	float.zero	true	subtract_assign.mixed.non_numeric	runtime_throw		Compound -= on mixed_t follows delegated numeric arithmetic, then writes the boxed result back into the lhs chained writable path.
mixed.bool.true	mixed.string.empty		keyed_element			supported	throws	mixed_t	float.zero	true	subtract_assign.mixed.non_numeric	runtime_throw		Compound -= on mixed_t follows delegated numeric arithmetic, then writes the boxed result back into the lhs keyed element.
mixed.bool.true	mixed.string.zero_string		assignable_variable			supported	throws	mixed_t	float.zero	true	subtract_assign.mixed.non_numeric	runtime_throw		Compound -= on mixed_t follows delegated numeric arithmetic, then writes the boxed result back into the lhs variable.
mixed.bool.true	mixed.string.zero_string		member_property			supported	throws	mixed_t	float.zero	true	subtract_assign.mixed.non_numeric	runtime_throw		Compound -= on mixed_t follows delegated numeric arithmetic, then writes the boxed result back into the lhs member property.
mixed.bool.true	mixed.string.zero_string		chained_writable_path			supported	throws	mixed_t	float.zero	true	subtract_assign.mixed.non_numeric	runtime_throw		Compound -= on mixed_t follows delegated numeric arithmetic, then writes the boxed result back into the lhs chained writable path.
mixed.bool.true	mixed.string.zero_string		keyed_element			supported	throws	mixed_t	float.zero	true	subtract_assign.mixed.non_numeric	runtime_throw		Compound -= on mixed_t follows delegated numeric arithmetic, then writes the boxed result back into the lhs keyed element.
mixed.bool.true	mixed.string.bool_false_literal		assignable_variable			supported	throws	mixed_t	float.zero	true	subtract_assign.mixed.non_numeric	runtime_throw		Compound -= on mixed_t follows delegated numeric arithmetic, then writes the boxed result back into the lhs variable.
mixed.bool.true	mixed.string.bool_false_literal		member_property			supported	throws	mixed_t	float.zero	true	subtract_assign.mixed.non_numeric	runtime_throw		Compound -= on mixed_t follows delegated numeric arithmetic, then writes the boxed result back into the lhs member property.
mixed.bool.true	mixed.string.bool_false_literal		chained_writable_path			supported	throws	mixed_t	float.zero	true	subtract_assign.mixed.non_numeric	runtime_throw		Compound -= on mixed_t follows delegated numeric arithmetic, then writes the boxed result back into the lhs chained writable path.
mixed.bool.true	mixed.string.bool_false_literal		keyed_element			supported	throws	mixed_t	float.zero	true	subtract_assign.mixed.non_numeric	runtime_throw		Compound -= on mixed_t follows delegated numeric arithmetic, then writes the boxed result back into the lhs keyed element.
mixed.bool.true	mixed.string.bool_true_literal		assignable_variable			supported	throws	mixed_t	float.zero	true	subtract_assign.mixed.non_numeric	runtime_throw		Compound -= on mixed_t follows delegated numeric arithmetic, then writes the boxed result back into the lhs variable.
mixed.bool.true	mixed.string.bool_true_literal		member_property			supported	throws	mixed_t	float.zero	true	subtract_assign.mixed.non_numeric	runtime_throw		Compound -= on mixed_t follows delegated numeric arithmetic, then writes the boxed result back into the lhs member property.
mixed.bool.true	mixed.string.bool_true_literal		chained_writable_path			supported	throws	mixed_t	float.zero	true	subtract_assign.mixed.non_numeric	runtime_throw		Compound -= on mixed_t follows delegated numeric arithmetic, then writes the boxed result back into the lhs chained writable path.
mixed.bool.true	mixed.string.bool_true_literal		keyed_element			supported	throws	mixed_t	float.zero	true	subtract_assign.mixed.non_numeric	runtime_throw		Compound -= on mixed_t follows delegated numeric arithmetic, then writes the boxed result back into the lhs keyed element.
mixed.bool.true	mixed.string.nonempty_nonzero_nonbool_literal		assignable_variable			supported	throws	mixed_t	float.zero	true	subtract_assign.mixed.non_numeric	runtime_throw		Compound -= on mixed_t follows delegated numeric arithmetic, then writes the boxed result back into the lhs variable.
mixed.bool.true	mixed.string.nonempty_nonzero_nonbool_literal		member_property			supported	throws	mixed_t	float.zero	true	subtract_assign.mixed.non_numeric	runtime_throw		Compound -= on mixed_t follows delegated numeric arithmetic, then writes the boxed result back into the lhs member property.
mixed.bool.true	mixed.string.nonempty_nonzero_nonbool_literal		chained_writable_path			supported	throws	mixed_t	float.zero	true	subtract_assign.mixed.non_numeric	runtime_throw		Compound -= on mixed_t follows delegated numeric arithmetic, then writes the boxed result back into the lhs chained writable path.
mixed.bool.true	mixed.string.nonempty_nonzero_nonbool_literal		keyed_element			supported	throws	mixed_t	float.zero	true	subtract_assign.mixed.non_numeric	runtime_throw		Compound -= on mixed_t follows delegated numeric arithmetic, then writes the boxed result back into the lhs keyed element.
mixed.bool.true	mixed.hash.empty		assignable_variable			supported	throws	mixed_t	float.zero	true	subtract_assign.mixed.non_numeric	runtime_throw		Compound -= on mixed_t follows delegated numeric arithmetic, then writes the boxed result back into the lhs variable.
mixed.bool.true	mixed.hash.empty		member_property			supported	throws	mixed_t	float.zero	true	subtract_assign.mixed.non_numeric	runtime_throw		Compound -= on mixed_t follows delegated numeric arithmetic, then writes the boxed result back into the lhs member property.
mixed.bool.true	mixed.hash.empty		chained_writable_path			supported	throws	mixed_t	float.zero	true	subtract_assign.mixed.non_numeric	runtime_throw		Compound -= on mixed_t follows delegated numeric arithmetic, then writes the boxed result back into the lhs chained writable path.
mixed.bool.true	mixed.hash.empty		keyed_element			supported	throws	mixed_t	float.zero	true	subtract_assign.mixed.non_numeric	runtime_throw		Compound -= on mixed_t follows delegated numeric arithmetic, then writes the boxed result back into the lhs keyed element.
mixed.bool.true	mixed.hash.nonempty		assignable_variable			supported	throws	mixed_t	float.zero	true	subtract_assign.mixed.non_numeric	runtime_throw		Compound -= on mixed_t follows delegated numeric arithmetic, then writes the boxed result back into the lhs variable.
mixed.bool.true	mixed.hash.nonempty		member_property			supported	throws	mixed_t	float.zero	true	subtract_assign.mixed.non_numeric	runtime_throw		Compound -= on mixed_t follows delegated numeric arithmetic, then writes the boxed result back into the lhs member property.
mixed.bool.true	mixed.hash.nonempty		chained_writable_path			supported	throws	mixed_t	float.zero	true	subtract_assign.mixed.non_numeric	runtime_throw		Compound -= on mixed_t follows delegated numeric arithmetic, then writes the boxed result back into the lhs chained writable path.
mixed.bool.true	mixed.hash.nonempty		keyed_element			supported	throws	mixed_t	float.zero	true	subtract_assign.mixed.non_numeric	runtime_throw		Compound -= on mixed_t follows delegated numeric arithmetic, then writes the boxed result back into the lhs keyed element.
mixed.int.zero	mixed.null		assignable_variable			supported	throws	mixed_t	float.zero	true	subtract_assign.mixed.non_numeric	runtime_throw		Compound -= on mixed_t follows delegated numeric arithmetic, then writes the boxed result back into the lhs variable.
mixed.int.zero	mixed.null		member_property			supported	throws	mixed_t	float.zero	true	subtract_assign.mixed.non_numeric	runtime_throw		Compound -= on mixed_t follows delegated numeric arithmetic, then writes the boxed result back into the lhs member property.
mixed.int.zero	mixed.null		chained_writable_path			supported	throws	mixed_t	float.zero	true	subtract_assign.mixed.non_numeric	runtime_throw		Compound -= on mixed_t follows delegated numeric arithmetic, then writes the boxed result back into the lhs chained writable path.
mixed.int.zero	mixed.null		keyed_element			supported	throws	mixed_t	float.zero	true	subtract_assign.mixed.non_numeric	runtime_throw		Compound -= on mixed_t follows delegated numeric arithmetic, then writes the boxed result back into the lhs keyed element.
mixed.int.zero	mixed.bool.false		assignable_variable			supported	throws	mixed_t	float.zero	true	subtract_assign.mixed.non_numeric	runtime_throw		Compound -= on mixed_t follows delegated numeric arithmetic, then writes the boxed result back into the lhs variable.
mixed.int.zero	mixed.bool.false		member_property			supported	throws	mixed_t	float.zero	true	subtract_assign.mixed.non_numeric	runtime_throw		Compound -= on mixed_t follows delegated numeric arithmetic, then writes the boxed result back into the lhs member property.
mixed.int.zero	mixed.bool.false		chained_writable_path			supported	throws	mixed_t	float.zero	true	subtract_assign.mixed.non_numeric	runtime_throw		Compound -= on mixed_t follows delegated numeric arithmetic, then writes the boxed result back into the lhs chained writable path.
mixed.int.zero	mixed.bool.false		keyed_element			supported	throws	mixed_t	float.zero	true	subtract_assign.mixed.non_numeric	runtime_throw		Compound -= on mixed_t follows delegated numeric arithmetic, then writes the boxed result back into the lhs keyed element.
mixed.int.zero	mixed.bool.true		assignable_variable			supported	throws	mixed_t	float.zero	true	subtract_assign.mixed.non_numeric	runtime_throw		Compound -= on mixed_t follows delegated numeric arithmetic, then writes the boxed result back into the lhs variable.
mixed.int.zero	mixed.bool.true		member_property			supported	throws	mixed_t	float.zero	true	subtract_assign.mixed.non_numeric	runtime_throw		Compound -= on mixed_t follows delegated numeric arithmetic, then writes the boxed result back into the lhs member property.
mixed.int.zero	mixed.bool.true		chained_writable_path			supported	throws	mixed_t	float.zero	true	subtract_assign.mixed.non_numeric	runtime_throw		Compound -= on mixed_t follows delegated numeric arithmetic, then writes the boxed result back into the lhs chained writable path.
mixed.int.zero	mixed.bool.true		keyed_element			supported	throws	mixed_t	float.zero	true	subtract_assign.mixed.non_numeric	runtime_throw		Compound -= on mixed_t follows delegated numeric arithmetic, then writes the boxed result back into the lhs keyed element.
mixed.int.zero	mixed.int.zero		assignable_variable			supported	deterministic_value	mixed_t	mixed.int.zero	true	subtract_assign.int_zero.int_zero	runtime_success		Compound -= on mixed_t follows delegated numeric arithmetic, then writes the boxed result back into the lhs variable.
mixed.int.zero	mixed.int.zero		member_property			supported	deterministic_value	mixed_t	mixed.int.zero	true	subtract_assign.int_zero.int_zero	runtime_success		Compound -= on mixed_t follows delegated numeric arithmetic, then writes the boxed result back into the lhs member property.
mixed.int.zero	mixed.int.zero		chained_writable_path			supported	deterministic_value	mixed_t	mixed.int.zero	true	subtract_assign.int_zero.int_zero	runtime_success		Compound -= on mixed_t follows delegated numeric arithmetic, then writes the boxed result back into the lhs chained writable path.
mixed.int.zero	mixed.int.zero		keyed_element			supported	deterministic_value	mixed_t	mixed.int.zero	true	subtract_assign.int_zero.int_zero	runtime_success		Compound -= on mixed_t follows delegated numeric arithmetic, then writes the boxed result back into the lhs keyed element.
mixed.int.zero	mixed.int.nonzero		assignable_variable			supported	deterministic_value	mixed_t	int.neg_seven	true	subtract_assign.int_zero.int_nonzero	runtime_success		Compound -= on mixed_t follows delegated numeric arithmetic, then writes the boxed result back into the lhs variable.
mixed.int.zero	mixed.int.nonzero		member_property			supported	deterministic_value	mixed_t	int.neg_seven	true	subtract_assign.int_zero.int_nonzero	runtime_success		Compound -= on mixed_t follows delegated numeric arithmetic, then writes the boxed result back into the lhs member property.
mixed.int.zero	mixed.int.nonzero		chained_writable_path			supported	deterministic_value	mixed_t	int.neg_seven	true	subtract_assign.int_zero.int_nonzero	runtime_success		Compound -= on mixed_t follows delegated numeric arithmetic, then writes the boxed result back into the lhs chained writable path.
mixed.int.zero	mixed.int.nonzero		keyed_element			supported	deterministic_value	mixed_t	int.neg_seven	true	subtract_assign.int_zero.int_nonzero	runtime_success		Compound -= on mixed_t follows delegated numeric arithmetic, then writes the boxed result back into the lhs keyed element.
mixed.int.zero	mixed.float.zero		assignable_variable			supported	deterministic_value	mixed_t	mixed.float.zero	true	subtract_assign.int_zero.float_zero	runtime_success		Compound -= on mixed_t follows delegated numeric arithmetic, then writes the boxed result back into the lhs variable.
mixed.int.zero	mixed.float.zero		member_property			supported	deterministic_value	mixed_t	mixed.float.zero	true	subtract_assign.int_zero.float_zero	runtime_success		Compound -= on mixed_t follows delegated numeric arithmetic, then writes the boxed result back into the lhs member property.
mixed.int.zero	mixed.float.zero		chained_writable_path			supported	deterministic_value	mixed_t	mixed.float.zero	true	subtract_assign.int_zero.float_zero	runtime_success		Compound -= on mixed_t follows delegated numeric arithmetic, then writes the boxed result back into the lhs chained writable path.
mixed.int.zero	mixed.float.zero		keyed_element			supported	deterministic_value	mixed_t	mixed.float.zero	true	subtract_assign.int_zero.float_zero	runtime_success		Compound -= on mixed_t follows delegated numeric arithmetic, then writes the boxed result back into the lhs keyed element.
mixed.int.zero	mixed.float.nonzero		assignable_variable			supported	deterministic_value	mixed_t	float.neg_3_5	true	subtract_assign.int_zero.float_nonzero	runtime_success		Compound -= on mixed_t follows delegated numeric arithmetic, then writes the boxed result back into the lhs variable.
mixed.int.zero	mixed.float.nonzero		member_property			supported	deterministic_value	mixed_t	float.neg_3_5	true	subtract_assign.int_zero.float_nonzero	runtime_success		Compound -= on mixed_t follows delegated numeric arithmetic, then writes the boxed result back into the lhs member property.
mixed.int.zero	mixed.float.nonzero		chained_writable_path			supported	deterministic_value	mixed_t	float.neg_3_5	true	subtract_assign.int_zero.float_nonzero	runtime_success		Compound -= on mixed_t follows delegated numeric arithmetic, then writes the boxed result back into the lhs chained writable path.
mixed.int.zero	mixed.float.nonzero		keyed_element			supported	deterministic_value	mixed_t	float.neg_3_5	true	subtract_assign.int_zero.float_nonzero	runtime_success		Compound -= on mixed_t follows delegated numeric arithmetic, then writes the boxed result back into the lhs keyed element.
mixed.int.zero	mixed.string.empty		assignable_variable			supported	throws	mixed_t	float.zero	true	subtract_assign.mixed.non_numeric	runtime_throw		Compound -= on mixed_t follows delegated numeric arithmetic, then writes the boxed result back into the lhs variable.
mixed.int.zero	mixed.string.empty		member_property			supported	throws	mixed_t	float.zero	true	subtract_assign.mixed.non_numeric	runtime_throw		Compound -= on mixed_t follows delegated numeric arithmetic, then writes the boxed result back into the lhs member property.
mixed.int.zero	mixed.string.empty		chained_writable_path			supported	throws	mixed_t	float.zero	true	subtract_assign.mixed.non_numeric	runtime_throw		Compound -= on mixed_t follows delegated numeric arithmetic, then writes the boxed result back into the lhs chained writable path.
mixed.int.zero	mixed.string.empty		keyed_element			supported	throws	mixed_t	float.zero	true	subtract_assign.mixed.non_numeric	runtime_throw		Compound -= on mixed_t follows delegated numeric arithmetic, then writes the boxed result back into the lhs keyed element.
mixed.int.zero	mixed.string.zero_string		assignable_variable			supported	throws	mixed_t	float.zero	true	subtract_assign.mixed.non_numeric	runtime_throw		Compound -= on mixed_t follows delegated numeric arithmetic, then writes the boxed result back into the lhs variable.
mixed.int.zero	mixed.string.zero_string		member_property			supported	throws	mixed_t	float.zero	true	subtract_assign.mixed.non_numeric	runtime_throw		Compound -= on mixed_t follows delegated numeric arithmetic, then writes the boxed result back into the lhs member property.
mixed.int.zero	mixed.string.zero_string		chained_writable_path			supported	throws	mixed_t	float.zero	true	subtract_assign.mixed.non_numeric	runtime_throw		Compound -= on mixed_t follows delegated numeric arithmetic, then writes the boxed result back into the lhs chained writable path.
mixed.int.zero	mixed.string.zero_string		keyed_element			supported	throws	mixed_t	float.zero	true	subtract_assign.mixed.non_numeric	runtime_throw		Compound -= on mixed_t follows delegated numeric arithmetic, then writes the boxed result back into the lhs keyed element.
mixed.int.zero	mixed.string.bool_false_literal		assignable_variable			supported	throws	mixed_t	float.zero	true	subtract_assign.mixed.non_numeric	runtime_throw		Compound -= on mixed_t follows delegated numeric arithmetic, then writes the boxed result back into the lhs variable.
mixed.int.zero	mixed.string.bool_false_literal		member_property			supported	throws	mixed_t	float.zero	true	subtract_assign.mixed.non_numeric	runtime_throw		Compound -= on mixed_t follows delegated numeric arithmetic, then writes the boxed result back into the lhs member property.
mixed.int.zero	mixed.string.bool_false_literal		chained_writable_path			supported	throws	mixed_t	float.zero	true	subtract_assign.mixed.non_numeric	runtime_throw		Compound -= on mixed_t follows delegated numeric arithmetic, then writes the boxed result back into the lhs chained writable path.
mixed.int.zero	mixed.string.bool_false_literal		keyed_element			supported	throws	mixed_t	float.zero	true	subtract_assign.mixed.non_numeric	runtime_throw		Compound -= on mixed_t follows delegated numeric arithmetic, then writes the boxed result back into the lhs keyed element.
mixed.int.zero	mixed.string.bool_true_literal		assignable_variable			supported	throws	mixed_t	float.zero	true	subtract_assign.mixed.non_numeric	runtime_throw		Compound -= on mixed_t follows delegated numeric arithmetic, then writes the boxed result back into the lhs variable.
mixed.int.zero	mixed.string.bool_true_literal		member_property			supported	throws	mixed_t	float.zero	true	subtract_assign.mixed.non_numeric	runtime_throw		Compound -= on mixed_t follows delegated numeric arithmetic, then writes the boxed result back into the lhs member property.
mixed.int.zero	mixed.string.bool_true_literal		chained_writable_path			supported	throws	mixed_t	float.zero	true	subtract_assign.mixed.non_numeric	runtime_throw		Compound -= on mixed_t follows delegated numeric arithmetic, then writes the boxed result back into the lhs chained writable path.
mixed.int.zero	mixed.string.bool_true_literal		keyed_element			supported	throws	mixed_t	float.zero	true	subtract_assign.mixed.non_numeric	runtime_throw		Compound -= on mixed_t follows delegated numeric arithmetic, then writes the boxed result back into the lhs keyed element.
mixed.int.zero	mixed.string.nonempty_nonzero_nonbool_literal		assignable_variable			supported	throws	mixed_t	float.zero	true	subtract_assign.mixed.non_numeric	runtime_throw		Compound -= on mixed_t follows delegated numeric arithmetic, then writes the boxed result back into the lhs variable.
mixed.int.zero	mixed.string.nonempty_nonzero_nonbool_literal		member_property			supported	throws	mixed_t	float.zero	true	subtract_assign.mixed.non_numeric	runtime_throw		Compound -= on mixed_t follows delegated numeric arithmetic, then writes the boxed result back into the lhs member property.
mixed.int.zero	mixed.string.nonempty_nonzero_nonbool_literal		chained_writable_path			supported	throws	mixed_t	float.zero	true	subtract_assign.mixed.non_numeric	runtime_throw		Compound -= on mixed_t follows delegated numeric arithmetic, then writes the boxed result back into the lhs chained writable path.
mixed.int.zero	mixed.string.nonempty_nonzero_nonbool_literal		keyed_element			supported	throws	mixed_t	float.zero	true	subtract_assign.mixed.non_numeric	runtime_throw		Compound -= on mixed_t follows delegated numeric arithmetic, then writes the boxed result back into the lhs keyed element.
mixed.int.zero	mixed.hash.empty		assignable_variable			supported	throws	mixed_t	float.zero	true	subtract_assign.mixed.non_numeric	runtime_throw		Compound -= on mixed_t follows delegated numeric arithmetic, then writes the boxed result back into the lhs variable.
mixed.int.zero	mixed.hash.empty		member_property			supported	throws	mixed_t	float.zero	true	subtract_assign.mixed.non_numeric	runtime_throw		Compound -= on mixed_t follows delegated numeric arithmetic, then writes the boxed result back into the lhs member property.
mixed.int.zero	mixed.hash.empty		chained_writable_path			supported	throws	mixed_t	float.zero	true	subtract_assign.mixed.non_numeric	runtime_throw		Compound -= on mixed_t follows delegated numeric arithmetic, then writes the boxed result back into the lhs chained writable path.
mixed.int.zero	mixed.hash.empty		keyed_element			supported	throws	mixed_t	float.zero	true	subtract_assign.mixed.non_numeric	runtime_throw		Compound -= on mixed_t follows delegated numeric arithmetic, then writes the boxed result back into the lhs keyed element.
mixed.int.zero	mixed.hash.nonempty		assignable_variable			supported	throws	mixed_t	float.zero	true	subtract_assign.mixed.non_numeric	runtime_throw		Compound -= on mixed_t follows delegated numeric arithmetic, then writes the boxed result back into the lhs variable.
mixed.int.zero	mixed.hash.nonempty		member_property			supported	throws	mixed_t	float.zero	true	subtract_assign.mixed.non_numeric	runtime_throw		Compound -= on mixed_t follows delegated numeric arithmetic, then writes the boxed result back into the lhs member property.
mixed.int.zero	mixed.hash.nonempty		chained_writable_path			supported	throws	mixed_t	float.zero	true	subtract_assign.mixed.non_numeric	runtime_throw		Compound -= on mixed_t follows delegated numeric arithmetic, then writes the boxed result back into the lhs chained writable path.
mixed.int.zero	mixed.hash.nonempty		keyed_element			supported	throws	mixed_t	float.zero	true	subtract_assign.mixed.non_numeric	runtime_throw		Compound -= on mixed_t follows delegated numeric arithmetic, then writes the boxed result back into the lhs keyed element.
mixed.int.nonzero	mixed.null		assignable_variable			supported	throws	mixed_t	float.zero	true	subtract_assign.mixed.non_numeric	runtime_throw		Compound -= on mixed_t follows delegated numeric arithmetic, then writes the boxed result back into the lhs variable.
mixed.int.nonzero	mixed.null		member_property			supported	throws	mixed_t	float.zero	true	subtract_assign.mixed.non_numeric	runtime_throw		Compound -= on mixed_t follows delegated numeric arithmetic, then writes the boxed result back into the lhs member property.
mixed.int.nonzero	mixed.null		chained_writable_path			supported	throws	mixed_t	float.zero	true	subtract_assign.mixed.non_numeric	runtime_throw		Compound -= on mixed_t follows delegated numeric arithmetic, then writes the boxed result back into the lhs chained writable path.
mixed.int.nonzero	mixed.null		keyed_element			supported	throws	mixed_t	float.zero	true	subtract_assign.mixed.non_numeric	runtime_throw		Compound -= on mixed_t follows delegated numeric arithmetic, then writes the boxed result back into the lhs keyed element.
mixed.int.nonzero	mixed.bool.false		assignable_variable			supported	throws	mixed_t	float.zero	true	subtract_assign.mixed.non_numeric	runtime_throw		Compound -= on mixed_t follows delegated numeric arithmetic, then writes the boxed result back into the lhs variable.
mixed.int.nonzero	mixed.bool.false		member_property			supported	throws	mixed_t	float.zero	true	subtract_assign.mixed.non_numeric	runtime_throw		Compound -= on mixed_t follows delegated numeric arithmetic, then writes the boxed result back into the lhs member property.
mixed.int.nonzero	mixed.bool.false		chained_writable_path			supported	throws	mixed_t	float.zero	true	subtract_assign.mixed.non_numeric	runtime_throw		Compound -= on mixed_t follows delegated numeric arithmetic, then writes the boxed result back into the lhs chained writable path.
mixed.int.nonzero	mixed.bool.false		keyed_element			supported	throws	mixed_t	float.zero	true	subtract_assign.mixed.non_numeric	runtime_throw		Compound -= on mixed_t follows delegated numeric arithmetic, then writes the boxed result back into the lhs keyed element.
mixed.int.nonzero	mixed.bool.true		assignable_variable			supported	throws	mixed_t	float.zero	true	subtract_assign.mixed.non_numeric	runtime_throw		Compound -= on mixed_t follows delegated numeric arithmetic, then writes the boxed result back into the lhs variable.
mixed.int.nonzero	mixed.bool.true		member_property			supported	throws	mixed_t	float.zero	true	subtract_assign.mixed.non_numeric	runtime_throw		Compound -= on mixed_t follows delegated numeric arithmetic, then writes the boxed result back into the lhs member property.
mixed.int.nonzero	mixed.bool.true		chained_writable_path			supported	throws	mixed_t	float.zero	true	subtract_assign.mixed.non_numeric	runtime_throw		Compound -= on mixed_t follows delegated numeric arithmetic, then writes the boxed result back into the lhs chained writable path.
mixed.int.nonzero	mixed.bool.true		keyed_element			supported	throws	mixed_t	float.zero	true	subtract_assign.mixed.non_numeric	runtime_throw		Compound -= on mixed_t follows delegated numeric arithmetic, then writes the boxed result back into the lhs keyed element.
mixed.int.nonzero	mixed.int.zero		assignable_variable			supported	deterministic_value	mixed_t	mixed.int.nonzero	true	subtract_assign.int_nonzero.int_zero	runtime_success		Compound -= on mixed_t follows delegated numeric arithmetic, then writes the boxed result back into the lhs variable.
mixed.int.nonzero	mixed.int.zero		member_property			supported	deterministic_value	mixed_t	mixed.int.nonzero	true	subtract_assign.int_nonzero.int_zero	runtime_success		Compound -= on mixed_t follows delegated numeric arithmetic, then writes the boxed result back into the lhs member property.
mixed.int.nonzero	mixed.int.zero		chained_writable_path			supported	deterministic_value	mixed_t	mixed.int.nonzero	true	subtract_assign.int_nonzero.int_zero	runtime_success		Compound -= on mixed_t follows delegated numeric arithmetic, then writes the boxed result back into the lhs chained writable path.
mixed.int.nonzero	mixed.int.zero		keyed_element			supported	deterministic_value	mixed_t	mixed.int.nonzero	true	subtract_assign.int_nonzero.int_zero	runtime_success		Compound -= on mixed_t follows delegated numeric arithmetic, then writes the boxed result back into the lhs keyed element.
mixed.int.nonzero	mixed.int.nonzero		assignable_variable			supported	deterministic_value	mixed_t	mixed.int.zero	true	subtract_assign.int_nonzero.int_nonzero	runtime_success		Compound -= on mixed_t follows delegated numeric arithmetic, then writes the boxed result back into the lhs variable.
mixed.int.nonzero	mixed.int.nonzero		member_property			supported	deterministic_value	mixed_t	mixed.int.zero	true	subtract_assign.int_nonzero.int_nonzero	runtime_success		Compound -= on mixed_t follows delegated numeric arithmetic, then writes the boxed result back into the lhs member property.
mixed.int.nonzero	mixed.int.nonzero		chained_writable_path			supported	deterministic_value	mixed_t	mixed.int.zero	true	subtract_assign.int_nonzero.int_nonzero	runtime_success		Compound -= on mixed_t follows delegated numeric arithmetic, then writes the boxed result back into the lhs chained writable path.
mixed.int.nonzero	mixed.int.nonzero		keyed_element			supported	deterministic_value	mixed_t	mixed.int.zero	true	subtract_assign.int_nonzero.int_nonzero	runtime_success		Compound -= on mixed_t follows delegated numeric arithmetic, then writes the boxed result back into the lhs keyed element.
mixed.int.nonzero	mixed.float.zero		assignable_variable			supported	deterministic_value	mixed_t	mixed.float.seven	true	subtract_assign.int_nonzero.float_zero	runtime_success		Compound -= on mixed_t follows delegated numeric arithmetic, then writes the boxed result back into the lhs variable.
mixed.int.nonzero	mixed.float.zero		member_property			supported	deterministic_value	mixed_t	mixed.float.seven	true	subtract_assign.int_nonzero.float_zero	runtime_success		Compound -= on mixed_t follows delegated numeric arithmetic, then writes the boxed result back into the lhs member property.
mixed.int.nonzero	mixed.float.zero		chained_writable_path			supported	deterministic_value	mixed_t	mixed.float.seven	true	subtract_assign.int_nonzero.float_zero	runtime_success		Compound -= on mixed_t follows delegated numeric arithmetic, then writes the boxed result back into the lhs chained writable path.
mixed.int.nonzero	mixed.float.zero		keyed_element			supported	deterministic_value	mixed_t	mixed.float.seven	true	subtract_assign.int_nonzero.float_zero	runtime_success		Compound -= on mixed_t follows delegated numeric arithmetic, then writes the boxed result back into the lhs keyed element.
mixed.int.nonzero	mixed.float.nonzero		assignable_variable			supported	deterministic_value	mixed_t	mixed.float.nonzero	true	subtract_assign.int_nonzero.float_nonzero	runtime_success		Compound -= on mixed_t follows delegated numeric arithmetic, then writes the boxed result back into the lhs variable.
mixed.int.nonzero	mixed.float.nonzero		member_property			supported	deterministic_value	mixed_t	mixed.float.nonzero	true	subtract_assign.int_nonzero.float_nonzero	runtime_success		Compound -= on mixed_t follows delegated numeric arithmetic, then writes the boxed result back into the lhs member property.
mixed.int.nonzero	mixed.float.nonzero		chained_writable_path			supported	deterministic_value	mixed_t	mixed.float.nonzero	true	subtract_assign.int_nonzero.float_nonzero	runtime_success		Compound -= on mixed_t follows delegated numeric arithmetic, then writes the boxed result back into the lhs chained writable path.
mixed.int.nonzero	mixed.float.nonzero		keyed_element			supported	deterministic_value	mixed_t	mixed.float.nonzero	true	subtract_assign.int_nonzero.float_nonzero	runtime_success		Compound -= on mixed_t follows delegated numeric arithmetic, then writes the boxed result back into the lhs keyed element.
mixed.int.nonzero	mixed.string.empty		assignable_variable			supported	throws	mixed_t	float.zero	true	subtract_assign.mixed.non_numeric	runtime_throw		Compound -= on mixed_t follows delegated numeric arithmetic, then writes the boxed result back into the lhs variable.
mixed.int.nonzero	mixed.string.empty		member_property			supported	throws	mixed_t	float.zero	true	subtract_assign.mixed.non_numeric	runtime_throw		Compound -= on mixed_t follows delegated numeric arithmetic, then writes the boxed result back into the lhs member property.
mixed.int.nonzero	mixed.string.empty		chained_writable_path			supported	throws	mixed_t	float.zero	true	subtract_assign.mixed.non_numeric	runtime_throw		Compound -= on mixed_t follows delegated numeric arithmetic, then writes the boxed result back into the lhs chained writable path.
mixed.int.nonzero	mixed.string.empty		keyed_element			supported	throws	mixed_t	float.zero	true	subtract_assign.mixed.non_numeric	runtime_throw		Compound -= on mixed_t follows delegated numeric arithmetic, then writes the boxed result back into the lhs keyed element.
mixed.int.nonzero	mixed.string.zero_string		assignable_variable			supported	throws	mixed_t	float.zero	true	subtract_assign.mixed.non_numeric	runtime_throw		Compound -= on mixed_t follows delegated numeric arithmetic, then writes the boxed result back into the lhs variable.
mixed.int.nonzero	mixed.string.zero_string		member_property			supported	throws	mixed_t	float.zero	true	subtract_assign.mixed.non_numeric	runtime_throw		Compound -= on mixed_t follows delegated numeric arithmetic, then writes the boxed result back into the lhs member property.
mixed.int.nonzero	mixed.string.zero_string		chained_writable_path			supported	throws	mixed_t	float.zero	true	subtract_assign.mixed.non_numeric	runtime_throw		Compound -= on mixed_t follows delegated numeric arithmetic, then writes the boxed result back into the lhs chained writable path.
mixed.int.nonzero	mixed.string.zero_string		keyed_element			supported	throws	mixed_t	float.zero	true	subtract_assign.mixed.non_numeric	runtime_throw		Compound -= on mixed_t follows delegated numeric arithmetic, then writes the boxed result back into the lhs keyed element.
mixed.int.nonzero	mixed.string.bool_false_literal		assignable_variable			supported	throws	mixed_t	float.zero	true	subtract_assign.mixed.non_numeric	runtime_throw		Compound -= on mixed_t follows delegated numeric arithmetic, then writes the boxed result back into the lhs variable.
mixed.int.nonzero	mixed.string.bool_false_literal		member_property			supported	throws	mixed_t	float.zero	true	subtract_assign.mixed.non_numeric	runtime_throw		Compound -= on mixed_t follows delegated numeric arithmetic, then writes the boxed result back into the lhs member property.
mixed.int.nonzero	mixed.string.bool_false_literal		chained_writable_path			supported	throws	mixed_t	float.zero	true	subtract_assign.mixed.non_numeric	runtime_throw		Compound -= on mixed_t follows delegated numeric arithmetic, then writes the boxed result back into the lhs chained writable path.
mixed.int.nonzero	mixed.string.bool_false_literal		keyed_element			supported	throws	mixed_t	float.zero	true	subtract_assign.mixed.non_numeric	runtime_throw		Compound -= on mixed_t follows delegated numeric arithmetic, then writes the boxed result back into the lhs keyed element.
mixed.int.nonzero	mixed.string.bool_true_literal		assignable_variable			supported	throws	mixed_t	float.zero	true	subtract_assign.mixed.non_numeric	runtime_throw		Compound -= on mixed_t follows delegated numeric arithmetic, then writes the boxed result back into the lhs variable.
mixed.int.nonzero	mixed.string.bool_true_literal		member_property			supported	throws	mixed_t	float.zero	true	subtract_assign.mixed.non_numeric	runtime_throw		Compound -= on mixed_t follows delegated numeric arithmetic, then writes the boxed result back into the lhs member property.
mixed.int.nonzero	mixed.string.bool_true_literal		chained_writable_path			supported	throws	mixed_t	float.zero	true	subtract_assign.mixed.non_numeric	runtime_throw		Compound -= on mixed_t follows delegated numeric arithmetic, then writes the boxed result back into the lhs chained writable path.
mixed.int.nonzero	mixed.string.bool_true_literal		keyed_element			supported	throws	mixed_t	float.zero	true	subtract_assign.mixed.non_numeric	runtime_throw		Compound -= on mixed_t follows delegated numeric arithmetic, then writes the boxed result back into the lhs keyed element.
mixed.int.nonzero	mixed.string.nonempty_nonzero_nonbool_literal		assignable_variable			supported	throws	mixed_t	float.zero	true	subtract_assign.mixed.non_numeric	runtime_throw		Compound -= on mixed_t follows delegated numeric arithmetic, then writes the boxed result back into the lhs variable.
mixed.int.nonzero	mixed.string.nonempty_nonzero_nonbool_literal		member_property			supported	throws	mixed_t	float.zero	true	subtract_assign.mixed.non_numeric	runtime_throw		Compound -= on mixed_t follows delegated numeric arithmetic, then writes the boxed result back into the lhs member property.
mixed.int.nonzero	mixed.string.nonempty_nonzero_nonbool_literal		chained_writable_path			supported	throws	mixed_t	float.zero	true	subtract_assign.mixed.non_numeric	runtime_throw		Compound -= on mixed_t follows delegated numeric arithmetic, then writes the boxed result back into the lhs chained writable path.
mixed.int.nonzero	mixed.string.nonempty_nonzero_nonbool_literal		keyed_element			supported	throws	mixed_t	float.zero	true	subtract_assign.mixed.non_numeric	runtime_throw		Compound -= on mixed_t follows delegated numeric arithmetic, then writes the boxed result back into the lhs keyed element.
mixed.int.nonzero	mixed.hash.empty		assignable_variable			supported	throws	mixed_t	float.zero	true	subtract_assign.mixed.non_numeric	runtime_throw		Compound -= on mixed_t follows delegated numeric arithmetic, then writes the boxed result back into the lhs variable.
mixed.int.nonzero	mixed.hash.empty		member_property			supported	throws	mixed_t	float.zero	true	subtract_assign.mixed.non_numeric	runtime_throw		Compound -= on mixed_t follows delegated numeric arithmetic, then writes the boxed result back into the lhs member property.
mixed.int.nonzero	mixed.hash.empty		chained_writable_path			supported	throws	mixed_t	float.zero	true	subtract_assign.mixed.non_numeric	runtime_throw		Compound -= on mixed_t follows delegated numeric arithmetic, then writes the boxed result back into the lhs chained writable path.
mixed.int.nonzero	mixed.hash.empty		keyed_element			supported	throws	mixed_t	float.zero	true	subtract_assign.mixed.non_numeric	runtime_throw		Compound -= on mixed_t follows delegated numeric arithmetic, then writes the boxed result back into the lhs keyed element.
mixed.int.nonzero	mixed.hash.nonempty		assignable_variable			supported	throws	mixed_t	float.zero	true	subtract_assign.mixed.non_numeric	runtime_throw		Compound -= on mixed_t follows delegated numeric arithmetic, then writes the boxed result back into the lhs variable.
mixed.int.nonzero	mixed.hash.nonempty		member_property			supported	throws	mixed_t	float.zero	true	subtract_assign.mixed.non_numeric	runtime_throw		Compound -= on mixed_t follows delegated numeric arithmetic, then writes the boxed result back into the lhs member property.
mixed.int.nonzero	mixed.hash.nonempty		chained_writable_path			supported	throws	mixed_t	float.zero	true	subtract_assign.mixed.non_numeric	runtime_throw		Compound -= on mixed_t follows delegated numeric arithmetic, then writes the boxed result back into the lhs chained writable path.
mixed.int.nonzero	mixed.hash.nonempty		keyed_element			supported	throws	mixed_t	float.zero	true	subtract_assign.mixed.non_numeric	runtime_throw		Compound -= on mixed_t follows delegated numeric arithmetic, then writes the boxed result back into the lhs keyed element.
mixed.float.zero	mixed.null		assignable_variable			supported	throws	mixed_t	float.zero	true	subtract_assign.mixed.non_numeric	runtime_throw		Compound -= on mixed_t follows delegated numeric arithmetic, then writes the boxed result back into the lhs variable.
mixed.float.zero	mixed.null		member_property			supported	throws	mixed_t	float.zero	true	subtract_assign.mixed.non_numeric	runtime_throw		Compound -= on mixed_t follows delegated numeric arithmetic, then writes the boxed result back into the lhs member property.
mixed.float.zero	mixed.null		chained_writable_path			supported	throws	mixed_t	float.zero	true	subtract_assign.mixed.non_numeric	runtime_throw		Compound -= on mixed_t follows delegated numeric arithmetic, then writes the boxed result back into the lhs chained writable path.
mixed.float.zero	mixed.null		keyed_element			supported	throws	mixed_t	float.zero	true	subtract_assign.mixed.non_numeric	runtime_throw		Compound -= on mixed_t follows delegated numeric arithmetic, then writes the boxed result back into the lhs keyed element.
mixed.float.zero	mixed.bool.false		assignable_variable			supported	throws	mixed_t	float.zero	true	subtract_assign.mixed.non_numeric	runtime_throw		Compound -= on mixed_t follows delegated numeric arithmetic, then writes the boxed result back into the lhs variable.
mixed.float.zero	mixed.bool.false		member_property			supported	throws	mixed_t	float.zero	true	subtract_assign.mixed.non_numeric	runtime_throw		Compound -= on mixed_t follows delegated numeric arithmetic, then writes the boxed result back into the lhs member property.
mixed.float.zero	mixed.bool.false		chained_writable_path			supported	throws	mixed_t	float.zero	true	subtract_assign.mixed.non_numeric	runtime_throw		Compound -= on mixed_t follows delegated numeric arithmetic, then writes the boxed result back into the lhs chained writable path.
mixed.float.zero	mixed.bool.false		keyed_element			supported	throws	mixed_t	float.zero	true	subtract_assign.mixed.non_numeric	runtime_throw		Compound -= on mixed_t follows delegated numeric arithmetic, then writes the boxed result back into the lhs keyed element.
mixed.float.zero	mixed.bool.true		assignable_variable			supported	throws	mixed_t	float.zero	true	subtract_assign.mixed.non_numeric	runtime_throw		Compound -= on mixed_t follows delegated numeric arithmetic, then writes the boxed result back into the lhs variable.
mixed.float.zero	mixed.bool.true		member_property			supported	throws	mixed_t	float.zero	true	subtract_assign.mixed.non_numeric	runtime_throw		Compound -= on mixed_t follows delegated numeric arithmetic, then writes the boxed result back into the lhs member property.
mixed.float.zero	mixed.bool.true		chained_writable_path			supported	throws	mixed_t	float.zero	true	subtract_assign.mixed.non_numeric	runtime_throw		Compound -= on mixed_t follows delegated numeric arithmetic, then writes the boxed result back into the lhs chained writable path.
mixed.float.zero	mixed.bool.true		keyed_element			supported	throws	mixed_t	float.zero	true	subtract_assign.mixed.non_numeric	runtime_throw		Compound -= on mixed_t follows delegated numeric arithmetic, then writes the boxed result back into the lhs keyed element.
mixed.float.zero	mixed.int.zero		assignable_variable			supported	deterministic_value	mixed_t	mixed.float.zero	true	subtract_assign.float_zero.int_zero	runtime_success		Compound -= on mixed_t follows delegated numeric arithmetic, then writes the boxed result back into the lhs variable.
mixed.float.zero	mixed.int.zero		member_property			supported	deterministic_value	mixed_t	mixed.float.zero	true	subtract_assign.float_zero.int_zero	runtime_success		Compound -= on mixed_t follows delegated numeric arithmetic, then writes the boxed result back into the lhs member property.
mixed.float.zero	mixed.int.zero		chained_writable_path			supported	deterministic_value	mixed_t	mixed.float.zero	true	subtract_assign.float_zero.int_zero	runtime_success		Compound -= on mixed_t follows delegated numeric arithmetic, then writes the boxed result back into the lhs chained writable path.
mixed.float.zero	mixed.int.zero		keyed_element			supported	deterministic_value	mixed_t	mixed.float.zero	true	subtract_assign.float_zero.int_zero	runtime_success		Compound -= on mixed_t follows delegated numeric arithmetic, then writes the boxed result back into the lhs keyed element.
mixed.float.zero	mixed.int.nonzero		assignable_variable			supported	deterministic_value	mixed_t	float.neg_seven	true	subtract_assign.float_zero.int_nonzero	runtime_success		Compound -= on mixed_t follows delegated numeric arithmetic, then writes the boxed result back into the lhs variable.
mixed.float.zero	mixed.int.nonzero		member_property			supported	deterministic_value	mixed_t	float.neg_seven	true	subtract_assign.float_zero.int_nonzero	runtime_success		Compound -= on mixed_t follows delegated numeric arithmetic, then writes the boxed result back into the lhs member property.
mixed.float.zero	mixed.int.nonzero		chained_writable_path			supported	deterministic_value	mixed_t	float.neg_seven	true	subtract_assign.float_zero.int_nonzero	runtime_success		Compound -= on mixed_t follows delegated numeric arithmetic, then writes the boxed result back into the lhs chained writable path.
mixed.float.zero	mixed.int.nonzero		keyed_element			supported	deterministic_value	mixed_t	float.neg_seven	true	subtract_assign.float_zero.int_nonzero	runtime_success		Compound -= on mixed_t follows delegated numeric arithmetic, then writes the boxed result back into the lhs keyed element.
mixed.float.zero	mixed.float.zero		assignable_variable			supported	deterministic_value	mixed_t	mixed.float.zero	true	subtract_assign.float_zero.float_zero	runtime_success		Compound -= on mixed_t follows delegated numeric arithmetic, then writes the boxed result back into the lhs variable.
mixed.float.zero	mixed.float.zero		member_property			supported	deterministic_value	mixed_t	mixed.float.zero	true	subtract_assign.float_zero.float_zero	runtime_success		Compound -= on mixed_t follows delegated numeric arithmetic, then writes the boxed result back into the lhs member property.
mixed.float.zero	mixed.float.zero		chained_writable_path			supported	deterministic_value	mixed_t	mixed.float.zero	true	subtract_assign.float_zero.float_zero	runtime_success		Compound -= on mixed_t follows delegated numeric arithmetic, then writes the boxed result back into the lhs chained writable path.
mixed.float.zero	mixed.float.zero		keyed_element			supported	deterministic_value	mixed_t	mixed.float.zero	true	subtract_assign.float_zero.float_zero	runtime_success		Compound -= on mixed_t follows delegated numeric arithmetic, then writes the boxed result back into the lhs keyed element.
mixed.float.zero	mixed.float.nonzero		assignable_variable			supported	deterministic_value	mixed_t	float.neg_3_5	true	subtract_assign.float_zero.float_nonzero	runtime_success		Compound -= on mixed_t follows delegated numeric arithmetic, then writes the boxed result back into the lhs variable.
mixed.float.zero	mixed.float.nonzero		member_property			supported	deterministic_value	mixed_t	float.neg_3_5	true	subtract_assign.float_zero.float_nonzero	runtime_success		Compound -= on mixed_t follows delegated numeric arithmetic, then writes the boxed result back into the lhs member property.
mixed.float.zero	mixed.float.nonzero		chained_writable_path			supported	deterministic_value	mixed_t	float.neg_3_5	true	subtract_assign.float_zero.float_nonzero	runtime_success		Compound -= on mixed_t follows delegated numeric arithmetic, then writes the boxed result back into the lhs chained writable path.
mixed.float.zero	mixed.float.nonzero		keyed_element			supported	deterministic_value	mixed_t	float.neg_3_5	true	subtract_assign.float_zero.float_nonzero	runtime_success		Compound -= on mixed_t follows delegated numeric arithmetic, then writes the boxed result back into the lhs keyed element.
mixed.float.zero	mixed.string.empty		assignable_variable			supported	throws	mixed_t	float.zero	true	subtract_assign.mixed.non_numeric	runtime_throw		Compound -= on mixed_t follows delegated numeric arithmetic, then writes the boxed result back into the lhs variable.
mixed.float.zero	mixed.string.empty		member_property			supported	throws	mixed_t	float.zero	true	subtract_assign.mixed.non_numeric	runtime_throw		Compound -= on mixed_t follows delegated numeric arithmetic, then writes the boxed result back into the lhs member property.
mixed.float.zero	mixed.string.empty		chained_writable_path			supported	throws	mixed_t	float.zero	true	subtract_assign.mixed.non_numeric	runtime_throw		Compound -= on mixed_t follows delegated numeric arithmetic, then writes the boxed result back into the lhs chained writable path.
mixed.float.zero	mixed.string.empty		keyed_element			supported	throws	mixed_t	float.zero	true	subtract_assign.mixed.non_numeric	runtime_throw		Compound -= on mixed_t follows delegated numeric arithmetic, then writes the boxed result back into the lhs keyed element.
mixed.float.zero	mixed.string.zero_string		assignable_variable			supported	throws	mixed_t	float.zero	true	subtract_assign.mixed.non_numeric	runtime_throw		Compound -= on mixed_t follows delegated numeric arithmetic, then writes the boxed result back into the lhs variable.
mixed.float.zero	mixed.string.zero_string		member_property			supported	throws	mixed_t	float.zero	true	subtract_assign.mixed.non_numeric	runtime_throw		Compound -= on mixed_t follows delegated numeric arithmetic, then writes the boxed result back into the lhs member property.
mixed.float.zero	mixed.string.zero_string		chained_writable_path			supported	throws	mixed_t	float.zero	true	subtract_assign.mixed.non_numeric	runtime_throw		Compound -= on mixed_t follows delegated numeric arithmetic, then writes the boxed result back into the lhs chained writable path.
mixed.float.zero	mixed.string.zero_string		keyed_element			supported	throws	mixed_t	float.zero	true	subtract_assign.mixed.non_numeric	runtime_throw		Compound -= on mixed_t follows delegated numeric arithmetic, then writes the boxed result back into the lhs keyed element.
mixed.float.zero	mixed.string.bool_false_literal		assignable_variable			supported	throws	mixed_t	float.zero	true	subtract_assign.mixed.non_numeric	runtime_throw		Compound -= on mixed_t follows delegated numeric arithmetic, then writes the boxed result back into the lhs variable.
mixed.float.zero	mixed.string.bool_false_literal		member_property			supported	throws	mixed_t	float.zero	true	subtract_assign.mixed.non_numeric	runtime_throw		Compound -= on mixed_t follows delegated numeric arithmetic, then writes the boxed result back into the lhs member property.
mixed.float.zero	mixed.string.bool_false_literal		chained_writable_path			supported	throws	mixed_t	float.zero	true	subtract_assign.mixed.non_numeric	runtime_throw		Compound -= on mixed_t follows delegated numeric arithmetic, then writes the boxed result back into the lhs chained writable path.
mixed.float.zero	mixed.string.bool_false_literal		keyed_element			supported	throws	mixed_t	float.zero	true	subtract_assign.mixed.non_numeric	runtime_throw		Compound -= on mixed_t follows delegated numeric arithmetic, then writes the boxed result back into the lhs keyed element.
mixed.float.zero	mixed.string.bool_true_literal		assignable_variable			supported	throws	mixed_t	float.zero	true	subtract_assign.mixed.non_numeric	runtime_throw		Compound -= on mixed_t follows delegated numeric arithmetic, then writes the boxed result back into the lhs variable.
mixed.float.zero	mixed.string.bool_true_literal		member_property			supported	throws	mixed_t	float.zero	true	subtract_assign.mixed.non_numeric	runtime_throw		Compound -= on mixed_t follows delegated numeric arithmetic, then writes the boxed result back into the lhs member property.
mixed.float.zero	mixed.string.bool_true_literal		chained_writable_path			supported	throws	mixed_t	float.zero	true	subtract_assign.mixed.non_numeric	runtime_throw		Compound -= on mixed_t follows delegated numeric arithmetic, then writes the boxed result back into the lhs chained writable path.
mixed.float.zero	mixed.string.bool_true_literal		keyed_element			supported	throws	mixed_t	float.zero	true	subtract_assign.mixed.non_numeric	runtime_throw		Compound -= on mixed_t follows delegated numeric arithmetic, then writes the boxed result back into the lhs keyed element.
mixed.float.zero	mixed.string.nonempty_nonzero_nonbool_literal		assignable_variable			supported	throws	mixed_t	float.zero	true	subtract_assign.mixed.non_numeric	runtime_throw		Compound -= on mixed_t follows delegated numeric arithmetic, then writes the boxed result back into the lhs variable.
mixed.float.zero	mixed.string.nonempty_nonzero_nonbool_literal		member_property			supported	throws	mixed_t	float.zero	true	subtract_assign.mixed.non_numeric	runtime_throw		Compound -= on mixed_t follows delegated numeric arithmetic, then writes the boxed result back into the lhs member property.
mixed.float.zero	mixed.string.nonempty_nonzero_nonbool_literal		chained_writable_path			supported	throws	mixed_t	float.zero	true	subtract_assign.mixed.non_numeric	runtime_throw		Compound -= on mixed_t follows delegated numeric arithmetic, then writes the boxed result back into the lhs chained writable path.
mixed.float.zero	mixed.string.nonempty_nonzero_nonbool_literal		keyed_element			supported	throws	mixed_t	float.zero	true	subtract_assign.mixed.non_numeric	runtime_throw		Compound -= on mixed_t follows delegated numeric arithmetic, then writes the boxed result back into the lhs keyed element.
mixed.float.zero	mixed.hash.empty		assignable_variable			supported	throws	mixed_t	float.zero	true	subtract_assign.mixed.non_numeric	runtime_throw		Compound -= on mixed_t follows delegated numeric arithmetic, then writes the boxed result back into the lhs variable.
mixed.float.zero	mixed.hash.empty		member_property			supported	throws	mixed_t	float.zero	true	subtract_assign.mixed.non_numeric	runtime_throw		Compound -= on mixed_t follows delegated numeric arithmetic, then writes the boxed result back into the lhs member property.
mixed.float.zero	mixed.hash.empty		chained_writable_path			supported	throws	mixed_t	float.zero	true	subtract_assign.mixed.non_numeric	runtime_throw		Compound -= on mixed_t follows delegated numeric arithmetic, then writes the boxed result back into the lhs chained writable path.
mixed.float.zero	mixed.hash.empty		keyed_element			supported	throws	mixed_t	float.zero	true	subtract_assign.mixed.non_numeric	runtime_throw		Compound -= on mixed_t follows delegated numeric arithmetic, then writes the boxed result back into the lhs keyed element.
mixed.float.zero	mixed.hash.nonempty		assignable_variable			supported	throws	mixed_t	float.zero	true	subtract_assign.mixed.non_numeric	runtime_throw		Compound -= on mixed_t follows delegated numeric arithmetic, then writes the boxed result back into the lhs variable.
mixed.float.zero	mixed.hash.nonempty		member_property			supported	throws	mixed_t	float.zero	true	subtract_assign.mixed.non_numeric	runtime_throw		Compound -= on mixed_t follows delegated numeric arithmetic, then writes the boxed result back into the lhs member property.
mixed.float.zero	mixed.hash.nonempty		chained_writable_path			supported	throws	mixed_t	float.zero	true	subtract_assign.mixed.non_numeric	runtime_throw		Compound -= on mixed_t follows delegated numeric arithmetic, then writes the boxed result back into the lhs chained writable path.
mixed.float.zero	mixed.hash.nonempty		keyed_element			supported	throws	mixed_t	float.zero	true	subtract_assign.mixed.non_numeric	runtime_throw		Compound -= on mixed_t follows delegated numeric arithmetic, then writes the boxed result back into the lhs keyed element.
mixed.float.nonzero	mixed.null		assignable_variable			supported	throws	mixed_t	float.zero	true	subtract_assign.mixed.non_numeric	runtime_throw		Compound -= on mixed_t follows delegated numeric arithmetic, then writes the boxed result back into the lhs variable.
mixed.float.nonzero	mixed.null		member_property			supported	throws	mixed_t	float.zero	true	subtract_assign.mixed.non_numeric	runtime_throw		Compound -= on mixed_t follows delegated numeric arithmetic, then writes the boxed result back into the lhs member property.
mixed.float.nonzero	mixed.null		chained_writable_path			supported	throws	mixed_t	float.zero	true	subtract_assign.mixed.non_numeric	runtime_throw		Compound -= on mixed_t follows delegated numeric arithmetic, then writes the boxed result back into the lhs chained writable path.
mixed.float.nonzero	mixed.null		keyed_element			supported	throws	mixed_t	float.zero	true	subtract_assign.mixed.non_numeric	runtime_throw		Compound -= on mixed_t follows delegated numeric arithmetic, then writes the boxed result back into the lhs keyed element.
mixed.float.nonzero	mixed.bool.false		assignable_variable			supported	throws	mixed_t	float.zero	true	subtract_assign.mixed.non_numeric	runtime_throw		Compound -= on mixed_t follows delegated numeric arithmetic, then writes the boxed result back into the lhs variable.
mixed.float.nonzero	mixed.bool.false		member_property			supported	throws	mixed_t	float.zero	true	subtract_assign.mixed.non_numeric	runtime_throw		Compound -= on mixed_t follows delegated numeric arithmetic, then writes the boxed result back into the lhs member property.
mixed.float.nonzero	mixed.bool.false		chained_writable_path			supported	throws	mixed_t	float.zero	true	subtract_assign.mixed.non_numeric	runtime_throw		Compound -= on mixed_t follows delegated numeric arithmetic, then writes the boxed result back into the lhs chained writable path.
mixed.float.nonzero	mixed.bool.false		keyed_element			supported	throws	mixed_t	float.zero	true	subtract_assign.mixed.non_numeric	runtime_throw		Compound -= on mixed_t follows delegated numeric arithmetic, then writes the boxed result back into the lhs keyed element.
mixed.float.nonzero	mixed.bool.true		assignable_variable			supported	throws	mixed_t	float.zero	true	subtract_assign.mixed.non_numeric	runtime_throw		Compound -= on mixed_t follows delegated numeric arithmetic, then writes the boxed result back into the lhs variable.
mixed.float.nonzero	mixed.bool.true		member_property			supported	throws	mixed_t	float.zero	true	subtract_assign.mixed.non_numeric	runtime_throw		Compound -= on mixed_t follows delegated numeric arithmetic, then writes the boxed result back into the lhs member property.
mixed.float.nonzero	mixed.bool.true		chained_writable_path			supported	throws	mixed_t	float.zero	true	subtract_assign.mixed.non_numeric	runtime_throw		Compound -= on mixed_t follows delegated numeric arithmetic, then writes the boxed result back into the lhs chained writable path.
mixed.float.nonzero	mixed.bool.true		keyed_element			supported	throws	mixed_t	float.zero	true	subtract_assign.mixed.non_numeric	runtime_throw		Compound -= on mixed_t follows delegated numeric arithmetic, then writes the boxed result back into the lhs keyed element.
mixed.float.nonzero	mixed.int.zero		assignable_variable			supported	deterministic_value	mixed_t	mixed.float.nonzero	true	subtract_assign.float_nonzero.int_zero	runtime_success		Compound -= on mixed_t follows delegated numeric arithmetic, then writes the boxed result back into the lhs variable.
mixed.float.nonzero	mixed.int.zero		member_property			supported	deterministic_value	mixed_t	mixed.float.nonzero	true	subtract_assign.float_nonzero.int_zero	runtime_success		Compound -= on mixed_t follows delegated numeric arithmetic, then writes the boxed result back into the lhs member property.
mixed.float.nonzero	mixed.int.zero		chained_writable_path			supported	deterministic_value	mixed_t	mixed.float.nonzero	true	subtract_assign.float_nonzero.int_zero	runtime_success		Compound -= on mixed_t follows delegated numeric arithmetic, then writes the boxed result back into the lhs chained writable path.
mixed.float.nonzero	mixed.int.zero		keyed_element			supported	deterministic_value	mixed_t	mixed.float.nonzero	true	subtract_assign.float_nonzero.int_zero	runtime_success		Compound -= on mixed_t follows delegated numeric arithmetic, then writes the boxed result back into the lhs keyed element.
mixed.float.nonzero	mixed.int.nonzero		assignable_variable			supported	deterministic_value	mixed_t	float.neg_3_5	true	subtract_assign.float_nonzero.int_nonzero	runtime_success		Compound -= on mixed_t follows delegated numeric arithmetic, then writes the boxed result back into the lhs variable.
mixed.float.nonzero	mixed.int.nonzero		member_property			supported	deterministic_value	mixed_t	float.neg_3_5	true	subtract_assign.float_nonzero.int_nonzero	runtime_success		Compound -= on mixed_t follows delegated numeric arithmetic, then writes the boxed result back into the lhs member property.
mixed.float.nonzero	mixed.int.nonzero		chained_writable_path			supported	deterministic_value	mixed_t	float.neg_3_5	true	subtract_assign.float_nonzero.int_nonzero	runtime_success		Compound -= on mixed_t follows delegated numeric arithmetic, then writes the boxed result back into the lhs chained writable path.
mixed.float.nonzero	mixed.int.nonzero		keyed_element			supported	deterministic_value	mixed_t	float.neg_3_5	true	subtract_assign.float_nonzero.int_nonzero	runtime_success		Compound -= on mixed_t follows delegated numeric arithmetic, then writes the boxed result back into the lhs keyed element.
mixed.float.nonzero	mixed.float.zero		assignable_variable			supported	deterministic_value	mixed_t	mixed.float.nonzero	true	subtract_assign.float_nonzero.float_zero	runtime_success		Compound -= on mixed_t follows delegated numeric arithmetic, then writes the boxed result back into the lhs variable.
mixed.float.nonzero	mixed.float.zero		member_property			supported	deterministic_value	mixed_t	mixed.float.nonzero	true	subtract_assign.float_nonzero.float_zero	runtime_success		Compound -= on mixed_t follows delegated numeric arithmetic, then writes the boxed result back into the lhs member property.
mixed.float.nonzero	mixed.float.zero		chained_writable_path			supported	deterministic_value	mixed_t	mixed.float.nonzero	true	subtract_assign.float_nonzero.float_zero	runtime_success		Compound -= on mixed_t follows delegated numeric arithmetic, then writes the boxed result back into the lhs chained writable path.
mixed.float.nonzero	mixed.float.zero		keyed_element			supported	deterministic_value	mixed_t	mixed.float.nonzero	true	subtract_assign.float_nonzero.float_zero	runtime_success		Compound -= on mixed_t follows delegated numeric arithmetic, then writes the boxed result back into the lhs keyed element.
mixed.float.nonzero	mixed.float.nonzero		assignable_variable			supported	deterministic_value	mixed_t	mixed.float.zero	true	subtract_assign.float_nonzero.float_nonzero	runtime_success		Compound -= on mixed_t follows delegated numeric arithmetic, then writes the boxed result back into the lhs variable.
mixed.float.nonzero	mixed.float.nonzero		member_property			supported	deterministic_value	mixed_t	mixed.float.zero	true	subtract_assign.float_nonzero.float_nonzero	runtime_success		Compound -= on mixed_t follows delegated numeric arithmetic, then writes the boxed result back into the lhs member property.
mixed.float.nonzero	mixed.float.nonzero		chained_writable_path			supported	deterministic_value	mixed_t	mixed.float.zero	true	subtract_assign.float_nonzero.float_nonzero	runtime_success		Compound -= on mixed_t follows delegated numeric arithmetic, then writes the boxed result back into the lhs chained writable path.
mixed.float.nonzero	mixed.float.nonzero		keyed_element			supported	deterministic_value	mixed_t	mixed.float.zero	true	subtract_assign.float_nonzero.float_nonzero	runtime_success		Compound -= on mixed_t follows delegated numeric arithmetic, then writes the boxed result back into the lhs keyed element.
mixed.float.nonzero	mixed.string.empty		assignable_variable			supported	throws	mixed_t	float.zero	true	subtract_assign.mixed.non_numeric	runtime_throw		Compound -= on mixed_t follows delegated numeric arithmetic, then writes the boxed result back into the lhs variable.
mixed.float.nonzero	mixed.string.empty		member_property			supported	throws	mixed_t	float.zero	true	subtract_assign.mixed.non_numeric	runtime_throw		Compound -= on mixed_t follows delegated numeric arithmetic, then writes the boxed result back into the lhs member property.
mixed.float.nonzero	mixed.string.empty		chained_writable_path			supported	throws	mixed_t	float.zero	true	subtract_assign.mixed.non_numeric	runtime_throw		Compound -= on mixed_t follows delegated numeric arithmetic, then writes the boxed result back into the lhs chained writable path.
mixed.float.nonzero	mixed.string.empty		keyed_element			supported	throws	mixed_t	float.zero	true	subtract_assign.mixed.non_numeric	runtime_throw		Compound -= on mixed_t follows delegated numeric arithmetic, then writes the boxed result back into the lhs keyed element.
mixed.float.nonzero	mixed.string.zero_string		assignable_variable			supported	throws	mixed_t	float.zero	true	subtract_assign.mixed.non_numeric	runtime_throw		Compound -= on mixed_t follows delegated numeric arithmetic, then writes the boxed result back into the lhs variable.
mixed.float.nonzero	mixed.string.zero_string		member_property			supported	throws	mixed_t	float.zero	true	subtract_assign.mixed.non_numeric	runtime_throw		Compound -= on mixed_t follows delegated numeric arithmetic, then writes the boxed result back into the lhs member property.
mixed.float.nonzero	mixed.string.zero_string		chained_writable_path			supported	throws	mixed_t	float.zero	true	subtract_assign.mixed.non_numeric	runtime_throw		Compound -= on mixed_t follows delegated numeric arithmetic, then writes the boxed result back into the lhs chained writable path.
mixed.float.nonzero	mixed.string.zero_string		keyed_element			supported	throws	mixed_t	float.zero	true	subtract_assign.mixed.non_numeric	runtime_throw		Compound -= on mixed_t follows delegated numeric arithmetic, then writes the boxed result back into the lhs keyed element.
mixed.float.nonzero	mixed.string.bool_false_literal		assignable_variable			supported	throws	mixed_t	float.zero	true	subtract_assign.mixed.non_numeric	runtime_throw		Compound -= on mixed_t follows delegated numeric arithmetic, then writes the boxed result back into the lhs variable.
mixed.float.nonzero	mixed.string.bool_false_literal		member_property			supported	throws	mixed_t	float.zero	true	subtract_assign.mixed.non_numeric	runtime_throw		Compound -= on mixed_t follows delegated numeric arithmetic, then writes the boxed result back into the lhs member property.
mixed.float.nonzero	mixed.string.bool_false_literal		chained_writable_path			supported	throws	mixed_t	float.zero	true	subtract_assign.mixed.non_numeric	runtime_throw		Compound -= on mixed_t follows delegated numeric arithmetic, then writes the boxed result back into the lhs chained writable path.
mixed.float.nonzero	mixed.string.bool_false_literal		keyed_element			supported	throws	mixed_t	float.zero	true	subtract_assign.mixed.non_numeric	runtime_throw		Compound -= on mixed_t follows delegated numeric arithmetic, then writes the boxed result back into the lhs keyed element.
mixed.float.nonzero	mixed.string.bool_true_literal		assignable_variable			supported	throws	mixed_t	float.zero	true	subtract_assign.mixed.non_numeric	runtime_throw		Compound -= on mixed_t follows delegated numeric arithmetic, then writes the boxed result back into the lhs variable.
mixed.float.nonzero	mixed.string.bool_true_literal		member_property			supported	throws	mixed_t	float.zero	true	subtract_assign.mixed.non_numeric	runtime_throw		Compound -= on mixed_t follows delegated numeric arithmetic, then writes the boxed result back into the lhs member property.
mixed.float.nonzero	mixed.string.bool_true_literal		chained_writable_path			supported	throws	mixed_t	float.zero	true	subtract_assign.mixed.non_numeric	runtime_throw		Compound -= on mixed_t follows delegated numeric arithmetic, then writes the boxed result back into the lhs chained writable path.
mixed.float.nonzero	mixed.string.bool_true_literal		keyed_element			supported	throws	mixed_t	float.zero	true	subtract_assign.mixed.non_numeric	runtime_throw		Compound -= on mixed_t follows delegated numeric arithmetic, then writes the boxed result back into the lhs keyed element.
mixed.float.nonzero	mixed.string.nonempty_nonzero_nonbool_literal		assignable_variable			supported	throws	mixed_t	float.zero	true	subtract_assign.mixed.non_numeric	runtime_throw		Compound -= on mixed_t follows delegated numeric arithmetic, then writes the boxed result back into the lhs variable.
mixed.float.nonzero	mixed.string.nonempty_nonzero_nonbool_literal		member_property			supported	throws	mixed_t	float.zero	true	subtract_assign.mixed.non_numeric	runtime_throw		Compound -= on mixed_t follows delegated numeric arithmetic, then writes the boxed result back into the lhs member property.
mixed.float.nonzero	mixed.string.nonempty_nonzero_nonbool_literal		chained_writable_path			supported	throws	mixed_t	float.zero	true	subtract_assign.mixed.non_numeric	runtime_throw		Compound -= on mixed_t follows delegated numeric arithmetic, then writes the boxed result back into the lhs chained writable path.
mixed.float.nonzero	mixed.string.nonempty_nonzero_nonbool_literal		keyed_element			supported	throws	mixed_t	float.zero	true	subtract_assign.mixed.non_numeric	runtime_throw		Compound -= on mixed_t follows delegated numeric arithmetic, then writes the boxed result back into the lhs keyed element.
mixed.float.nonzero	mixed.hash.empty		assignable_variable			supported	throws	mixed_t	float.zero	true	subtract_assign.mixed.non_numeric	runtime_throw		Compound -= on mixed_t follows delegated numeric arithmetic, then writes the boxed result back into the lhs variable.
mixed.float.nonzero	mixed.hash.empty		member_property			supported	throws	mixed_t	float.zero	true	subtract_assign.mixed.non_numeric	runtime_throw		Compound -= on mixed_t follows delegated numeric arithmetic, then writes the boxed result back into the lhs member property.
mixed.float.nonzero	mixed.hash.empty		chained_writable_path			supported	throws	mixed_t	float.zero	true	subtract_assign.mixed.non_numeric	runtime_throw		Compound -= on mixed_t follows delegated numeric arithmetic, then writes the boxed result back into the lhs chained writable path.
mixed.float.nonzero	mixed.hash.empty		keyed_element			supported	throws	mixed_t	float.zero	true	subtract_assign.mixed.non_numeric	runtime_throw		Compound -= on mixed_t follows delegated numeric arithmetic, then writes the boxed result back into the lhs keyed element.
mixed.float.nonzero	mixed.hash.nonempty		assignable_variable			supported	throws	mixed_t	float.zero	true	subtract_assign.mixed.non_numeric	runtime_throw		Compound -= on mixed_t follows delegated numeric arithmetic, then writes the boxed result back into the lhs variable.
mixed.float.nonzero	mixed.hash.nonempty		member_property			supported	throws	mixed_t	float.zero	true	subtract_assign.mixed.non_numeric	runtime_throw		Compound -= on mixed_t follows delegated numeric arithmetic, then writes the boxed result back into the lhs member property.
mixed.float.nonzero	mixed.hash.nonempty		chained_writable_path			supported	throws	mixed_t	float.zero	true	subtract_assign.mixed.non_numeric	runtime_throw		Compound -= on mixed_t follows delegated numeric arithmetic, then writes the boxed result back into the lhs chained writable path.
mixed.float.nonzero	mixed.hash.nonempty		keyed_element			supported	throws	mixed_t	float.zero	true	subtract_assign.mixed.non_numeric	runtime_throw		Compound -= on mixed_t follows delegated numeric arithmetic, then writes the boxed result back into the lhs keyed element.
mixed.string.empty	mixed.null		assignable_variable			supported	throws	mixed_t	float.zero	true	subtract_assign.mixed.non_numeric	runtime_throw		Compound -= on mixed_t follows delegated numeric arithmetic, then writes the boxed result back into the lhs variable.
mixed.string.empty	mixed.null		member_property			supported	throws	mixed_t	float.zero	true	subtract_assign.mixed.non_numeric	runtime_throw		Compound -= on mixed_t follows delegated numeric arithmetic, then writes the boxed result back into the lhs member property.
mixed.string.empty	mixed.null		chained_writable_path			supported	throws	mixed_t	float.zero	true	subtract_assign.mixed.non_numeric	runtime_throw		Compound -= on mixed_t follows delegated numeric arithmetic, then writes the boxed result back into the lhs chained writable path.
mixed.string.empty	mixed.null		keyed_element			supported	throws	mixed_t	float.zero	true	subtract_assign.mixed.non_numeric	runtime_throw		Compound -= on mixed_t follows delegated numeric arithmetic, then writes the boxed result back into the lhs keyed element.
mixed.string.empty	mixed.bool.false		assignable_variable			supported	throws	mixed_t	float.zero	true	subtract_assign.mixed.non_numeric	runtime_throw		Compound -= on mixed_t follows delegated numeric arithmetic, then writes the boxed result back into the lhs variable.
mixed.string.empty	mixed.bool.false		member_property			supported	throws	mixed_t	float.zero	true	subtract_assign.mixed.non_numeric	runtime_throw		Compound -= on mixed_t follows delegated numeric arithmetic, then writes the boxed result back into the lhs member property.
mixed.string.empty	mixed.bool.false		chained_writable_path			supported	throws	mixed_t	float.zero	true	subtract_assign.mixed.non_numeric	runtime_throw		Compound -= on mixed_t follows delegated numeric arithmetic, then writes the boxed result back into the lhs chained writable path.
mixed.string.empty	mixed.bool.false		keyed_element			supported	throws	mixed_t	float.zero	true	subtract_assign.mixed.non_numeric	runtime_throw		Compound -= on mixed_t follows delegated numeric arithmetic, then writes the boxed result back into the lhs keyed element.
mixed.string.empty	mixed.bool.true		assignable_variable			supported	throws	mixed_t	float.zero	true	subtract_assign.mixed.non_numeric	runtime_throw		Compound -= on mixed_t follows delegated numeric arithmetic, then writes the boxed result back into the lhs variable.
mixed.string.empty	mixed.bool.true		member_property			supported	throws	mixed_t	float.zero	true	subtract_assign.mixed.non_numeric	runtime_throw		Compound -= on mixed_t follows delegated numeric arithmetic, then writes the boxed result back into the lhs member property.
mixed.string.empty	mixed.bool.true		chained_writable_path			supported	throws	mixed_t	float.zero	true	subtract_assign.mixed.non_numeric	runtime_throw		Compound -= on mixed_t follows delegated numeric arithmetic, then writes the boxed result back into the lhs chained writable path.
mixed.string.empty	mixed.bool.true		keyed_element			supported	throws	mixed_t	float.zero	true	subtract_assign.mixed.non_numeric	runtime_throw		Compound -= on mixed_t follows delegated numeric arithmetic, then writes the boxed result back into the lhs keyed element.
mixed.string.empty	mixed.int.zero		assignable_variable			supported	throws	mixed_t	float.zero	true	subtract_assign.mixed.non_numeric	runtime_throw		Compound -= on mixed_t follows delegated numeric arithmetic, then writes the boxed result back into the lhs variable.
mixed.string.empty	mixed.int.zero		member_property			supported	throws	mixed_t	float.zero	true	subtract_assign.mixed.non_numeric	runtime_throw		Compound -= on mixed_t follows delegated numeric arithmetic, then writes the boxed result back into the lhs member property.
mixed.string.empty	mixed.int.zero		chained_writable_path			supported	throws	mixed_t	float.zero	true	subtract_assign.mixed.non_numeric	runtime_throw		Compound -= on mixed_t follows delegated numeric arithmetic, then writes the boxed result back into the lhs chained writable path.
mixed.string.empty	mixed.int.zero		keyed_element			supported	throws	mixed_t	float.zero	true	subtract_assign.mixed.non_numeric	runtime_throw		Compound -= on mixed_t follows delegated numeric arithmetic, then writes the boxed result back into the lhs keyed element.
mixed.string.empty	mixed.int.nonzero		assignable_variable			supported	throws	mixed_t	float.zero	true	subtract_assign.mixed.non_numeric	runtime_throw		Compound -= on mixed_t follows delegated numeric arithmetic, then writes the boxed result back into the lhs variable.
mixed.string.empty	mixed.int.nonzero		member_property			supported	throws	mixed_t	float.zero	true	subtract_assign.mixed.non_numeric	runtime_throw		Compound -= on mixed_t follows delegated numeric arithmetic, then writes the boxed result back into the lhs member property.
mixed.string.empty	mixed.int.nonzero		chained_writable_path			supported	throws	mixed_t	float.zero	true	subtract_assign.mixed.non_numeric	runtime_throw		Compound -= on mixed_t follows delegated numeric arithmetic, then writes the boxed result back into the lhs chained writable path.
mixed.string.empty	mixed.int.nonzero		keyed_element			supported	throws	mixed_t	float.zero	true	subtract_assign.mixed.non_numeric	runtime_throw		Compound -= on mixed_t follows delegated numeric arithmetic, then writes the boxed result back into the lhs keyed element.
mixed.string.empty	mixed.float.zero		assignable_variable			supported	throws	mixed_t	float.zero	true	subtract_assign.mixed.non_numeric	runtime_throw		Compound -= on mixed_t follows delegated numeric arithmetic, then writes the boxed result back into the lhs variable.
mixed.string.empty	mixed.float.zero		member_property			supported	throws	mixed_t	float.zero	true	subtract_assign.mixed.non_numeric	runtime_throw		Compound -= on mixed_t follows delegated numeric arithmetic, then writes the boxed result back into the lhs member property.
mixed.string.empty	mixed.float.zero		chained_writable_path			supported	throws	mixed_t	float.zero	true	subtract_assign.mixed.non_numeric	runtime_throw		Compound -= on mixed_t follows delegated numeric arithmetic, then writes the boxed result back into the lhs chained writable path.
mixed.string.empty	mixed.float.zero		keyed_element			supported	throws	mixed_t	float.zero	true	subtract_assign.mixed.non_numeric	runtime_throw		Compound -= on mixed_t follows delegated numeric arithmetic, then writes the boxed result back into the lhs keyed element.
mixed.string.empty	mixed.float.nonzero		assignable_variable			supported	throws	mixed_t	float.zero	true	subtract_assign.mixed.non_numeric	runtime_throw		Compound -= on mixed_t follows delegated numeric arithmetic, then writes the boxed result back into the lhs variable.
mixed.string.empty	mixed.float.nonzero		member_property			supported	throws	mixed_t	float.zero	true	subtract_assign.mixed.non_numeric	runtime_throw		Compound -= on mixed_t follows delegated numeric arithmetic, then writes the boxed result back into the lhs member property.
mixed.string.empty	mixed.float.nonzero		chained_writable_path			supported	throws	mixed_t	float.zero	true	subtract_assign.mixed.non_numeric	runtime_throw		Compound -= on mixed_t follows delegated numeric arithmetic, then writes the boxed result back into the lhs chained writable path.
mixed.string.empty	mixed.float.nonzero		keyed_element			supported	throws	mixed_t	float.zero	true	subtract_assign.mixed.non_numeric	runtime_throw		Compound -= on mixed_t follows delegated numeric arithmetic, then writes the boxed result back into the lhs keyed element.
mixed.string.empty	mixed.string.empty		assignable_variable			supported	throws	mixed_t	float.zero	true	subtract_assign.mixed.non_numeric	runtime_throw		Compound -= on mixed_t follows delegated numeric arithmetic, then writes the boxed result back into the lhs variable.
mixed.string.empty	mixed.string.empty		member_property			supported	throws	mixed_t	float.zero	true	subtract_assign.mixed.non_numeric	runtime_throw		Compound -= on mixed_t follows delegated numeric arithmetic, then writes the boxed result back into the lhs member property.
mixed.string.empty	mixed.string.empty		chained_writable_path			supported	throws	mixed_t	float.zero	true	subtract_assign.mixed.non_numeric	runtime_throw		Compound -= on mixed_t follows delegated numeric arithmetic, then writes the boxed result back into the lhs chained writable path.
mixed.string.empty	mixed.string.empty		keyed_element			supported	throws	mixed_t	float.zero	true	subtract_assign.mixed.non_numeric	runtime_throw		Compound -= on mixed_t follows delegated numeric arithmetic, then writes the boxed result back into the lhs keyed element.
mixed.string.empty	mixed.string.zero_string		assignable_variable			supported	throws	mixed_t	float.zero	true	subtract_assign.mixed.non_numeric	runtime_throw		Compound -= on mixed_t follows delegated numeric arithmetic, then writes the boxed result back into the lhs variable.
mixed.string.empty	mixed.string.zero_string		member_property			supported	throws	mixed_t	float.zero	true	subtract_assign.mixed.non_numeric	runtime_throw		Compound -= on mixed_t follows delegated numeric arithmetic, then writes the boxed result back into the lhs member property.
mixed.string.empty	mixed.string.zero_string		chained_writable_path			supported	throws	mixed_t	float.zero	true	subtract_assign.mixed.non_numeric	runtime_throw		Compound -= on mixed_t follows delegated numeric arithmetic, then writes the boxed result back into the lhs chained writable path.
mixed.string.empty	mixed.string.zero_string		keyed_element			supported	throws	mixed_t	float.zero	true	subtract_assign.mixed.non_numeric	runtime_throw		Compound -= on mixed_t follows delegated numeric arithmetic, then writes the boxed result back into the lhs keyed element.
mixed.string.empty	mixed.string.bool_false_literal		assignable_variable			supported	throws	mixed_t	float.zero	true	subtract_assign.mixed.non_numeric	runtime_throw		Compound -= on mixed_t follows delegated numeric arithmetic, then writes the boxed result back into the lhs variable.
mixed.string.empty	mixed.string.bool_false_literal		member_property			supported	throws	mixed_t	float.zero	true	subtract_assign.mixed.non_numeric	runtime_throw		Compound -= on mixed_t follows delegated numeric arithmetic, then writes the boxed result back into the lhs member property.
mixed.string.empty	mixed.string.bool_false_literal		chained_writable_path			supported	throws	mixed_t	float.zero	true	subtract_assign.mixed.non_numeric	runtime_throw		Compound -= on mixed_t follows delegated numeric arithmetic, then writes the boxed result back into the lhs chained writable path.
mixed.string.empty	mixed.string.bool_false_literal		keyed_element			supported	throws	mixed_t	float.zero	true	subtract_assign.mixed.non_numeric	runtime_throw		Compound -= on mixed_t follows delegated numeric arithmetic, then writes the boxed result back into the lhs keyed element.
mixed.string.empty	mixed.string.bool_true_literal		assignable_variable			supported	throws	mixed_t	float.zero	true	subtract_assign.mixed.non_numeric	runtime_throw		Compound -= on mixed_t follows delegated numeric arithmetic, then writes the boxed result back into the lhs variable.
mixed.string.empty	mixed.string.bool_true_literal		member_property			supported	throws	mixed_t	float.zero	true	subtract_assign.mixed.non_numeric	runtime_throw		Compound -= on mixed_t follows delegated numeric arithmetic, then writes the boxed result back into the lhs member property.
mixed.string.empty	mixed.string.bool_true_literal		chained_writable_path			supported	throws	mixed_t	float.zero	true	subtract_assign.mixed.non_numeric	runtime_throw		Compound -= on mixed_t follows delegated numeric arithmetic, then writes the boxed result back into the lhs chained writable path.
mixed.string.empty	mixed.string.bool_true_literal		keyed_element			supported	throws	mixed_t	float.zero	true	subtract_assign.mixed.non_numeric	runtime_throw		Compound -= on mixed_t follows delegated numeric arithmetic, then writes the boxed result back into the lhs keyed element.
mixed.string.empty	mixed.string.nonempty_nonzero_nonbool_literal		assignable_variable			supported	throws	mixed_t	float.zero	true	subtract_assign.mixed.non_numeric	runtime_throw		Compound -= on mixed_t follows delegated numeric arithmetic, then writes the boxed result back into the lhs variable.
mixed.string.empty	mixed.string.nonempty_nonzero_nonbool_literal		member_property			supported	throws	mixed_t	float.zero	true	subtract_assign.mixed.non_numeric	runtime_throw		Compound -= on mixed_t follows delegated numeric arithmetic, then writes the boxed result back into the lhs member property.
mixed.string.empty	mixed.string.nonempty_nonzero_nonbool_literal		chained_writable_path			supported	throws	mixed_t	float.zero	true	subtract_assign.mixed.non_numeric	runtime_throw		Compound -= on mixed_t follows delegated numeric arithmetic, then writes the boxed result back into the lhs chained writable path.
mixed.string.empty	mixed.string.nonempty_nonzero_nonbool_literal		keyed_element			supported	throws	mixed_t	float.zero	true	subtract_assign.mixed.non_numeric	runtime_throw		Compound -= on mixed_t follows delegated numeric arithmetic, then writes the boxed result back into the lhs keyed element.
mixed.string.empty	mixed.hash.empty		assignable_variable			supported	throws	mixed_t	float.zero	true	subtract_assign.mixed.non_numeric	runtime_throw		Compound -= on mixed_t follows delegated numeric arithmetic, then writes the boxed result back into the lhs variable.
mixed.string.empty	mixed.hash.empty		member_property			supported	throws	mixed_t	float.zero	true	subtract_assign.mixed.non_numeric	runtime_throw		Compound -= on mixed_t follows delegated numeric arithmetic, then writes the boxed result back into the lhs member property.
mixed.string.empty	mixed.hash.empty		chained_writable_path			supported	throws	mixed_t	float.zero	true	subtract_assign.mixed.non_numeric	runtime_throw		Compound -= on mixed_t follows delegated numeric arithmetic, then writes the boxed result back into the lhs chained writable path.
mixed.string.empty	mixed.hash.empty		keyed_element			supported	throws	mixed_t	float.zero	true	subtract_assign.mixed.non_numeric	runtime_throw		Compound -= on mixed_t follows delegated numeric arithmetic, then writes the boxed result back into the lhs keyed element.
mixed.string.empty	mixed.hash.nonempty		assignable_variable			supported	throws	mixed_t	float.zero	true	subtract_assign.mixed.non_numeric	runtime_throw		Compound -= on mixed_t follows delegated numeric arithmetic, then writes the boxed result back into the lhs variable.
mixed.string.empty	mixed.hash.nonempty		member_property			supported	throws	mixed_t	float.zero	true	subtract_assign.mixed.non_numeric	runtime_throw		Compound -= on mixed_t follows delegated numeric arithmetic, then writes the boxed result back into the lhs member property.
mixed.string.empty	mixed.hash.nonempty		chained_writable_path			supported	throws	mixed_t	float.zero	true	subtract_assign.mixed.non_numeric	runtime_throw		Compound -= on mixed_t follows delegated numeric arithmetic, then writes the boxed result back into the lhs chained writable path.
mixed.string.empty	mixed.hash.nonempty		keyed_element			supported	throws	mixed_t	float.zero	true	subtract_assign.mixed.non_numeric	runtime_throw		Compound -= on mixed_t follows delegated numeric arithmetic, then writes the boxed result back into the lhs keyed element.
mixed.string.zero_string	mixed.null		assignable_variable			supported	throws	mixed_t	float.zero	true	subtract_assign.mixed.non_numeric	runtime_throw		Compound -= on mixed_t follows delegated numeric arithmetic, then writes the boxed result back into the lhs variable.
mixed.string.zero_string	mixed.null		member_property			supported	throws	mixed_t	float.zero	true	subtract_assign.mixed.non_numeric	runtime_throw		Compound -= on mixed_t follows delegated numeric arithmetic, then writes the boxed result back into the lhs member property.
mixed.string.zero_string	mixed.null		chained_writable_path			supported	throws	mixed_t	float.zero	true	subtract_assign.mixed.non_numeric	runtime_throw		Compound -= on mixed_t follows delegated numeric arithmetic, then writes the boxed result back into the lhs chained writable path.
mixed.string.zero_string	mixed.null		keyed_element			supported	throws	mixed_t	float.zero	true	subtract_assign.mixed.non_numeric	runtime_throw		Compound -= on mixed_t follows delegated numeric arithmetic, then writes the boxed result back into the lhs keyed element.
mixed.string.zero_string	mixed.bool.false		assignable_variable			supported	throws	mixed_t	float.zero	true	subtract_assign.mixed.non_numeric	runtime_throw		Compound -= on mixed_t follows delegated numeric arithmetic, then writes the boxed result back into the lhs variable.
mixed.string.zero_string	mixed.bool.false		member_property			supported	throws	mixed_t	float.zero	true	subtract_assign.mixed.non_numeric	runtime_throw		Compound -= on mixed_t follows delegated numeric arithmetic, then writes the boxed result back into the lhs member property.
mixed.string.zero_string	mixed.bool.false		chained_writable_path			supported	throws	mixed_t	float.zero	true	subtract_assign.mixed.non_numeric	runtime_throw		Compound -= on mixed_t follows delegated numeric arithmetic, then writes the boxed result back into the lhs chained writable path.
mixed.string.zero_string	mixed.bool.false		keyed_element			supported	throws	mixed_t	float.zero	true	subtract_assign.mixed.non_numeric	runtime_throw		Compound -= on mixed_t follows delegated numeric arithmetic, then writes the boxed result back into the lhs keyed element.
mixed.string.zero_string	mixed.bool.true		assignable_variable			supported	throws	mixed_t	float.zero	true	subtract_assign.mixed.non_numeric	runtime_throw		Compound -= on mixed_t follows delegated numeric arithmetic, then writes the boxed result back into the lhs variable.
mixed.string.zero_string	mixed.bool.true		member_property			supported	throws	mixed_t	float.zero	true	subtract_assign.mixed.non_numeric	runtime_throw		Compound -= on mixed_t follows delegated numeric arithmetic, then writes the boxed result back into the lhs member property.
mixed.string.zero_string	mixed.bool.true		chained_writable_path			supported	throws	mixed_t	float.zero	true	subtract_assign.mixed.non_numeric	runtime_throw		Compound -= on mixed_t follows delegated numeric arithmetic, then writes the boxed result back into the lhs chained writable path.
mixed.string.zero_string	mixed.bool.true		keyed_element			supported	throws	mixed_t	float.zero	true	subtract_assign.mixed.non_numeric	runtime_throw		Compound -= on mixed_t follows delegated numeric arithmetic, then writes the boxed result back into the lhs keyed element.
mixed.string.zero_string	mixed.int.zero		assignable_variable			supported	throws	mixed_t	float.zero	true	subtract_assign.mixed.non_numeric	runtime_throw		Compound -= on mixed_t follows delegated numeric arithmetic, then writes the boxed result back into the lhs variable.
mixed.string.zero_string	mixed.int.zero		member_property			supported	throws	mixed_t	float.zero	true	subtract_assign.mixed.non_numeric	runtime_throw		Compound -= on mixed_t follows delegated numeric arithmetic, then writes the boxed result back into the lhs member property.
mixed.string.zero_string	mixed.int.zero		chained_writable_path			supported	throws	mixed_t	float.zero	true	subtract_assign.mixed.non_numeric	runtime_throw		Compound -= on mixed_t follows delegated numeric arithmetic, then writes the boxed result back into the lhs chained writable path.
mixed.string.zero_string	mixed.int.zero		keyed_element			supported	throws	mixed_t	float.zero	true	subtract_assign.mixed.non_numeric	runtime_throw		Compound -= on mixed_t follows delegated numeric arithmetic, then writes the boxed result back into the lhs keyed element.
mixed.string.zero_string	mixed.int.nonzero		assignable_variable			supported	throws	mixed_t	float.zero	true	subtract_assign.mixed.non_numeric	runtime_throw		Compound -= on mixed_t follows delegated numeric arithmetic, then writes the boxed result back into the lhs variable.
mixed.string.zero_string	mixed.int.nonzero		member_property			supported	throws	mixed_t	float.zero	true	subtract_assign.mixed.non_numeric	runtime_throw		Compound -= on mixed_t follows delegated numeric arithmetic, then writes the boxed result back into the lhs member property.
mixed.string.zero_string	mixed.int.nonzero		chained_writable_path			supported	throws	mixed_t	float.zero	true	subtract_assign.mixed.non_numeric	runtime_throw		Compound -= on mixed_t follows delegated numeric arithmetic, then writes the boxed result back into the lhs chained writable path.
mixed.string.zero_string	mixed.int.nonzero		keyed_element			supported	throws	mixed_t	float.zero	true	subtract_assign.mixed.non_numeric	runtime_throw		Compound -= on mixed_t follows delegated numeric arithmetic, then writes the boxed result back into the lhs keyed element.
mixed.string.zero_string	mixed.float.zero		assignable_variable			supported	throws	mixed_t	float.zero	true	subtract_assign.mixed.non_numeric	runtime_throw		Compound -= on mixed_t follows delegated numeric arithmetic, then writes the boxed result back into the lhs variable.
mixed.string.zero_string	mixed.float.zero		member_property			supported	throws	mixed_t	float.zero	true	subtract_assign.mixed.non_numeric	runtime_throw		Compound -= on mixed_t follows delegated numeric arithmetic, then writes the boxed result back into the lhs member property.
mixed.string.zero_string	mixed.float.zero		chained_writable_path			supported	throws	mixed_t	float.zero	true	subtract_assign.mixed.non_numeric	runtime_throw		Compound -= on mixed_t follows delegated numeric arithmetic, then writes the boxed result back into the lhs chained writable path.
mixed.string.zero_string	mixed.float.zero		keyed_element			supported	throws	mixed_t	float.zero	true	subtract_assign.mixed.non_numeric	runtime_throw		Compound -= on mixed_t follows delegated numeric arithmetic, then writes the boxed result back into the lhs keyed element.
mixed.string.zero_string	mixed.float.nonzero		assignable_variable			supported	throws	mixed_t	float.zero	true	subtract_assign.mixed.non_numeric	runtime_throw		Compound -= on mixed_t follows delegated numeric arithmetic, then writes the boxed result back into the lhs variable.
mixed.string.zero_string	mixed.float.nonzero		member_property			supported	throws	mixed_t	float.zero	true	subtract_assign.mixed.non_numeric	runtime_throw		Compound -= on mixed_t follows delegated numeric arithmetic, then writes the boxed result back into the lhs member property.
mixed.string.zero_string	mixed.float.nonzero		chained_writable_path			supported	throws	mixed_t	float.zero	true	subtract_assign.mixed.non_numeric	runtime_throw		Compound -= on mixed_t follows delegated numeric arithmetic, then writes the boxed result back into the lhs chained writable path.
mixed.string.zero_string	mixed.float.nonzero		keyed_element			supported	throws	mixed_t	float.zero	true	subtract_assign.mixed.non_numeric	runtime_throw		Compound -= on mixed_t follows delegated numeric arithmetic, then writes the boxed result back into the lhs keyed element.
mixed.string.zero_string	mixed.string.empty		assignable_variable			supported	throws	mixed_t	float.zero	true	subtract_assign.mixed.non_numeric	runtime_throw		Compound -= on mixed_t follows delegated numeric arithmetic, then writes the boxed result back into the lhs variable.
mixed.string.zero_string	mixed.string.empty		member_property			supported	throws	mixed_t	float.zero	true	subtract_assign.mixed.non_numeric	runtime_throw		Compound -= on mixed_t follows delegated numeric arithmetic, then writes the boxed result back into the lhs member property.
mixed.string.zero_string	mixed.string.empty		chained_writable_path			supported	throws	mixed_t	float.zero	true	subtract_assign.mixed.non_numeric	runtime_throw		Compound -= on mixed_t follows delegated numeric arithmetic, then writes the boxed result back into the lhs chained writable path.
mixed.string.zero_string	mixed.string.empty		keyed_element			supported	throws	mixed_t	float.zero	true	subtract_assign.mixed.non_numeric	runtime_throw		Compound -= on mixed_t follows delegated numeric arithmetic, then writes the boxed result back into the lhs keyed element.
mixed.string.zero_string	mixed.string.zero_string		assignable_variable			supported	throws	mixed_t	float.zero	true	subtract_assign.mixed.non_numeric	runtime_throw		Compound -= on mixed_t follows delegated numeric arithmetic, then writes the boxed result back into the lhs variable.
mixed.string.zero_string	mixed.string.zero_string		member_property			supported	throws	mixed_t	float.zero	true	subtract_assign.mixed.non_numeric	runtime_throw		Compound -= on mixed_t follows delegated numeric arithmetic, then writes the boxed result back into the lhs member property.
mixed.string.zero_string	mixed.string.zero_string		chained_writable_path			supported	throws	mixed_t	float.zero	true	subtract_assign.mixed.non_numeric	runtime_throw		Compound -= on mixed_t follows delegated numeric arithmetic, then writes the boxed result back into the lhs chained writable path.
mixed.string.zero_string	mixed.string.zero_string		keyed_element			supported	throws	mixed_t	float.zero	true	subtract_assign.mixed.non_numeric	runtime_throw		Compound -= on mixed_t follows delegated numeric arithmetic, then writes the boxed result back into the lhs keyed element.
mixed.string.zero_string	mixed.string.bool_false_literal		assignable_variable			supported	throws	mixed_t	float.zero	true	subtract_assign.mixed.non_numeric	runtime_throw		Compound -= on mixed_t follows delegated numeric arithmetic, then writes the boxed result back into the lhs variable.
mixed.string.zero_string	mixed.string.bool_false_literal		member_property			supported	throws	mixed_t	float.zero	true	subtract_assign.mixed.non_numeric	runtime_throw		Compound -= on mixed_t follows delegated numeric arithmetic, then writes the boxed result back into the lhs member property.
mixed.string.zero_string	mixed.string.bool_false_literal		chained_writable_path			supported	throws	mixed_t	float.zero	true	subtract_assign.mixed.non_numeric	runtime_throw		Compound -= on mixed_t follows delegated numeric arithmetic, then writes the boxed result back into the lhs chained writable path.
mixed.string.zero_string	mixed.string.bool_false_literal		keyed_element			supported	throws	mixed_t	float.zero	true	subtract_assign.mixed.non_numeric	runtime_throw		Compound -= on mixed_t follows delegated numeric arithmetic, then writes the boxed result back into the lhs keyed element.
mixed.string.zero_string	mixed.string.bool_true_literal		assignable_variable			supported	throws	mixed_t	float.zero	true	subtract_assign.mixed.non_numeric	runtime_throw		Compound -= on mixed_t follows delegated numeric arithmetic, then writes the boxed result back into the lhs variable.
mixed.string.zero_string	mixed.string.bool_true_literal		member_property			supported	throws	mixed_t	float.zero	true	subtract_assign.mixed.non_numeric	runtime_throw		Compound -= on mixed_t follows delegated numeric arithmetic, then writes the boxed result back into the lhs member property.
mixed.string.zero_string	mixed.string.bool_true_literal		chained_writable_path			supported	throws	mixed_t	float.zero	true	subtract_assign.mixed.non_numeric	runtime_throw		Compound -= on mixed_t follows delegated numeric arithmetic, then writes the boxed result back into the lhs chained writable path.
mixed.string.zero_string	mixed.string.bool_true_literal		keyed_element			supported	throws	mixed_t	float.zero	true	subtract_assign.mixed.non_numeric	runtime_throw		Compound -= on mixed_t follows delegated numeric arithmetic, then writes the boxed result back into the lhs keyed element.
mixed.string.zero_string	mixed.string.nonempty_nonzero_nonbool_literal		assignable_variable			supported	throws	mixed_t	float.zero	true	subtract_assign.mixed.non_numeric	runtime_throw		Compound -= on mixed_t follows delegated numeric arithmetic, then writes the boxed result back into the lhs variable.
mixed.string.zero_string	mixed.string.nonempty_nonzero_nonbool_literal		member_property			supported	throws	mixed_t	float.zero	true	subtract_assign.mixed.non_numeric	runtime_throw		Compound -= on mixed_t follows delegated numeric arithmetic, then writes the boxed result back into the lhs member property.
mixed.string.zero_string	mixed.string.nonempty_nonzero_nonbool_literal		chained_writable_path			supported	throws	mixed_t	float.zero	true	subtract_assign.mixed.non_numeric	runtime_throw		Compound -= on mixed_t follows delegated numeric arithmetic, then writes the boxed result back into the lhs chained writable path.
mixed.string.zero_string	mixed.string.nonempty_nonzero_nonbool_literal		keyed_element			supported	throws	mixed_t	float.zero	true	subtract_assign.mixed.non_numeric	runtime_throw		Compound -= on mixed_t follows delegated numeric arithmetic, then writes the boxed result back into the lhs keyed element.
mixed.string.zero_string	mixed.hash.empty		assignable_variable			supported	throws	mixed_t	float.zero	true	subtract_assign.mixed.non_numeric	runtime_throw		Compound -= on mixed_t follows delegated numeric arithmetic, then writes the boxed result back into the lhs variable.
mixed.string.zero_string	mixed.hash.empty		member_property			supported	throws	mixed_t	float.zero	true	subtract_assign.mixed.non_numeric	runtime_throw		Compound -= on mixed_t follows delegated numeric arithmetic, then writes the boxed result back into the lhs member property.
mixed.string.zero_string	mixed.hash.empty		chained_writable_path			supported	throws	mixed_t	float.zero	true	subtract_assign.mixed.non_numeric	runtime_throw		Compound -= on mixed_t follows delegated numeric arithmetic, then writes the boxed result back into the lhs chained writable path.
mixed.string.zero_string	mixed.hash.empty		keyed_element			supported	throws	mixed_t	float.zero	true	subtract_assign.mixed.non_numeric	runtime_throw		Compound -= on mixed_t follows delegated numeric arithmetic, then writes the boxed result back into the lhs keyed element.
mixed.string.zero_string	mixed.hash.nonempty		assignable_variable			supported	throws	mixed_t	float.zero	true	subtract_assign.mixed.non_numeric	runtime_throw		Compound -= on mixed_t follows delegated numeric arithmetic, then writes the boxed result back into the lhs variable.
mixed.string.zero_string	mixed.hash.nonempty		member_property			supported	throws	mixed_t	float.zero	true	subtract_assign.mixed.non_numeric	runtime_throw		Compound -= on mixed_t follows delegated numeric arithmetic, then writes the boxed result back into the lhs member property.
mixed.string.zero_string	mixed.hash.nonempty		chained_writable_path			supported	throws	mixed_t	float.zero	true	subtract_assign.mixed.non_numeric	runtime_throw		Compound -= on mixed_t follows delegated numeric arithmetic, then writes the boxed result back into the lhs chained writable path.
mixed.string.zero_string	mixed.hash.nonempty		keyed_element			supported	throws	mixed_t	float.zero	true	subtract_assign.mixed.non_numeric	runtime_throw		Compound -= on mixed_t follows delegated numeric arithmetic, then writes the boxed result back into the lhs keyed element.
mixed.string.bool_false_literal	mixed.null		assignable_variable			supported	throws	mixed_t	float.zero	true	subtract_assign.mixed.non_numeric	runtime_throw		Compound -= on mixed_t follows delegated numeric arithmetic, then writes the boxed result back into the lhs variable.
mixed.string.bool_false_literal	mixed.null		member_property			supported	throws	mixed_t	float.zero	true	subtract_assign.mixed.non_numeric	runtime_throw		Compound -= on mixed_t follows delegated numeric arithmetic, then writes the boxed result back into the lhs member property.
mixed.string.bool_false_literal	mixed.null		chained_writable_path			supported	throws	mixed_t	float.zero	true	subtract_assign.mixed.non_numeric	runtime_throw		Compound -= on mixed_t follows delegated numeric arithmetic, then writes the boxed result back into the lhs chained writable path.
mixed.string.bool_false_literal	mixed.null		keyed_element			supported	throws	mixed_t	float.zero	true	subtract_assign.mixed.non_numeric	runtime_throw		Compound -= on mixed_t follows delegated numeric arithmetic, then writes the boxed result back into the lhs keyed element.
mixed.string.bool_false_literal	mixed.bool.false		assignable_variable			supported	throws	mixed_t	float.zero	true	subtract_assign.mixed.non_numeric	runtime_throw		Compound -= on mixed_t follows delegated numeric arithmetic, then writes the boxed result back into the lhs variable.
mixed.string.bool_false_literal	mixed.bool.false		member_property			supported	throws	mixed_t	float.zero	true	subtract_assign.mixed.non_numeric	runtime_throw		Compound -= on mixed_t follows delegated numeric arithmetic, then writes the boxed result back into the lhs member property.
mixed.string.bool_false_literal	mixed.bool.false		chained_writable_path			supported	throws	mixed_t	float.zero	true	subtract_assign.mixed.non_numeric	runtime_throw		Compound -= on mixed_t follows delegated numeric arithmetic, then writes the boxed result back into the lhs chained writable path.
mixed.string.bool_false_literal	mixed.bool.false		keyed_element			supported	throws	mixed_t	float.zero	true	subtract_assign.mixed.non_numeric	runtime_throw		Compound -= on mixed_t follows delegated numeric arithmetic, then writes the boxed result back into the lhs keyed element.
mixed.string.bool_false_literal	mixed.bool.true		assignable_variable			supported	throws	mixed_t	float.zero	true	subtract_assign.mixed.non_numeric	runtime_throw		Compound -= on mixed_t follows delegated numeric arithmetic, then writes the boxed result back into the lhs variable.
mixed.string.bool_false_literal	mixed.bool.true		member_property			supported	throws	mixed_t	float.zero	true	subtract_assign.mixed.non_numeric	runtime_throw		Compound -= on mixed_t follows delegated numeric arithmetic, then writes the boxed result back into the lhs member property.
mixed.string.bool_false_literal	mixed.bool.true		chained_writable_path			supported	throws	mixed_t	float.zero	true	subtract_assign.mixed.non_numeric	runtime_throw		Compound -= on mixed_t follows delegated numeric arithmetic, then writes the boxed result back into the lhs chained writable path.
mixed.string.bool_false_literal	mixed.bool.true		keyed_element			supported	throws	mixed_t	float.zero	true	subtract_assign.mixed.non_numeric	runtime_throw		Compound -= on mixed_t follows delegated numeric arithmetic, then writes the boxed result back into the lhs keyed element.
mixed.string.bool_false_literal	mixed.int.zero		assignable_variable			supported	throws	mixed_t	float.zero	true	subtract_assign.mixed.non_numeric	runtime_throw		Compound -= on mixed_t follows delegated numeric arithmetic, then writes the boxed result back into the lhs variable.
mixed.string.bool_false_literal	mixed.int.zero		member_property			supported	throws	mixed_t	float.zero	true	subtract_assign.mixed.non_numeric	runtime_throw		Compound -= on mixed_t follows delegated numeric arithmetic, then writes the boxed result back into the lhs member property.
mixed.string.bool_false_literal	mixed.int.zero		chained_writable_path			supported	throws	mixed_t	float.zero	true	subtract_assign.mixed.non_numeric	runtime_throw		Compound -= on mixed_t follows delegated numeric arithmetic, then writes the boxed result back into the lhs chained writable path.
mixed.string.bool_false_literal	mixed.int.zero		keyed_element			supported	throws	mixed_t	float.zero	true	subtract_assign.mixed.non_numeric	runtime_throw		Compound -= on mixed_t follows delegated numeric arithmetic, then writes the boxed result back into the lhs keyed element.
mixed.string.bool_false_literal	mixed.int.nonzero		assignable_variable			supported	throws	mixed_t	float.zero	true	subtract_assign.mixed.non_numeric	runtime_throw		Compound -= on mixed_t follows delegated numeric arithmetic, then writes the boxed result back into the lhs variable.
mixed.string.bool_false_literal	mixed.int.nonzero		member_property			supported	throws	mixed_t	float.zero	true	subtract_assign.mixed.non_numeric	runtime_throw		Compound -= on mixed_t follows delegated numeric arithmetic, then writes the boxed result back into the lhs member property.
mixed.string.bool_false_literal	mixed.int.nonzero		chained_writable_path			supported	throws	mixed_t	float.zero	true	subtract_assign.mixed.non_numeric	runtime_throw		Compound -= on mixed_t follows delegated numeric arithmetic, then writes the boxed result back into the lhs chained writable path.
mixed.string.bool_false_literal	mixed.int.nonzero		keyed_element			supported	throws	mixed_t	float.zero	true	subtract_assign.mixed.non_numeric	runtime_throw		Compound -= on mixed_t follows delegated numeric arithmetic, then writes the boxed result back into the lhs keyed element.
mixed.string.bool_false_literal	mixed.float.zero		assignable_variable			supported	throws	mixed_t	float.zero	true	subtract_assign.mixed.non_numeric	runtime_throw		Compound -= on mixed_t follows delegated numeric arithmetic, then writes the boxed result back into the lhs variable.
mixed.string.bool_false_literal	mixed.float.zero		member_property			supported	throws	mixed_t	float.zero	true	subtract_assign.mixed.non_numeric	runtime_throw		Compound -= on mixed_t follows delegated numeric arithmetic, then writes the boxed result back into the lhs member property.
mixed.string.bool_false_literal	mixed.float.zero		chained_writable_path			supported	throws	mixed_t	float.zero	true	subtract_assign.mixed.non_numeric	runtime_throw		Compound -= on mixed_t follows delegated numeric arithmetic, then writes the boxed result back into the lhs chained writable path.
mixed.string.bool_false_literal	mixed.float.zero		keyed_element			supported	throws	mixed_t	float.zero	true	subtract_assign.mixed.non_numeric	runtime_throw		Compound -= on mixed_t follows delegated numeric arithmetic, then writes the boxed result back into the lhs keyed element.
mixed.string.bool_false_literal	mixed.float.nonzero		assignable_variable			supported	throws	mixed_t	float.zero	true	subtract_assign.mixed.non_numeric	runtime_throw		Compound -= on mixed_t follows delegated numeric arithmetic, then writes the boxed result back into the lhs variable.
mixed.string.bool_false_literal	mixed.float.nonzero		member_property			supported	throws	mixed_t	float.zero	true	subtract_assign.mixed.non_numeric	runtime_throw		Compound -= on mixed_t follows delegated numeric arithmetic, then writes the boxed result back into the lhs member property.
mixed.string.bool_false_literal	mixed.float.nonzero		chained_writable_path			supported	throws	mixed_t	float.zero	true	subtract_assign.mixed.non_numeric	runtime_throw		Compound -= on mixed_t follows delegated numeric arithmetic, then writes the boxed result back into the lhs chained writable path.
mixed.string.bool_false_literal	mixed.float.nonzero		keyed_element			supported	throws	mixed_t	float.zero	true	subtract_assign.mixed.non_numeric	runtime_throw		Compound -= on mixed_t follows delegated numeric arithmetic, then writes the boxed result back into the lhs keyed element.
mixed.string.bool_false_literal	mixed.string.empty		assignable_variable			supported	throws	mixed_t	float.zero	true	subtract_assign.mixed.non_numeric	runtime_throw		Compound -= on mixed_t follows delegated numeric arithmetic, then writes the boxed result back into the lhs variable.
mixed.string.bool_false_literal	mixed.string.empty		member_property			supported	throws	mixed_t	float.zero	true	subtract_assign.mixed.non_numeric	runtime_throw		Compound -= on mixed_t follows delegated numeric arithmetic, then writes the boxed result back into the lhs member property.
mixed.string.bool_false_literal	mixed.string.empty		chained_writable_path			supported	throws	mixed_t	float.zero	true	subtract_assign.mixed.non_numeric	runtime_throw		Compound -= on mixed_t follows delegated numeric arithmetic, then writes the boxed result back into the lhs chained writable path.
mixed.string.bool_false_literal	mixed.string.empty		keyed_element			supported	throws	mixed_t	float.zero	true	subtract_assign.mixed.non_numeric	runtime_throw		Compound -= on mixed_t follows delegated numeric arithmetic, then writes the boxed result back into the lhs keyed element.
mixed.string.bool_false_literal	mixed.string.zero_string		assignable_variable			supported	throws	mixed_t	float.zero	true	subtract_assign.mixed.non_numeric	runtime_throw		Compound -= on mixed_t follows delegated numeric arithmetic, then writes the boxed result back into the lhs variable.
mixed.string.bool_false_literal	mixed.string.zero_string		member_property			supported	throws	mixed_t	float.zero	true	subtract_assign.mixed.non_numeric	runtime_throw		Compound -= on mixed_t follows delegated numeric arithmetic, then writes the boxed result back into the lhs member property.
mixed.string.bool_false_literal	mixed.string.zero_string		chained_writable_path			supported	throws	mixed_t	float.zero	true	subtract_assign.mixed.non_numeric	runtime_throw		Compound -= on mixed_t follows delegated numeric arithmetic, then writes the boxed result back into the lhs chained writable path.
mixed.string.bool_false_literal	mixed.string.zero_string		keyed_element			supported	throws	mixed_t	float.zero	true	subtract_assign.mixed.non_numeric	runtime_throw		Compound -= on mixed_t follows delegated numeric arithmetic, then writes the boxed result back into the lhs keyed element.
mixed.string.bool_false_literal	mixed.string.bool_false_literal		assignable_variable			supported	throws	mixed_t	float.zero	true	subtract_assign.mixed.non_numeric	runtime_throw		Compound -= on mixed_t follows delegated numeric arithmetic, then writes the boxed result back into the lhs variable.
mixed.string.bool_false_literal	mixed.string.bool_false_literal		member_property			supported	throws	mixed_t	float.zero	true	subtract_assign.mixed.non_numeric	runtime_throw		Compound -= on mixed_t follows delegated numeric arithmetic, then writes the boxed result back into the lhs member property.
mixed.string.bool_false_literal	mixed.string.bool_false_literal		chained_writable_path			supported	throws	mixed_t	float.zero	true	subtract_assign.mixed.non_numeric	runtime_throw		Compound -= on mixed_t follows delegated numeric arithmetic, then writes the boxed result back into the lhs chained writable path.
mixed.string.bool_false_literal	mixed.string.bool_false_literal		keyed_element			supported	throws	mixed_t	float.zero	true	subtract_assign.mixed.non_numeric	runtime_throw		Compound -= on mixed_t follows delegated numeric arithmetic, then writes the boxed result back into the lhs keyed element.
mixed.string.bool_false_literal	mixed.string.bool_true_literal		assignable_variable			supported	throws	mixed_t	float.zero	true	subtract_assign.mixed.non_numeric	runtime_throw		Compound -= on mixed_t follows delegated numeric arithmetic, then writes the boxed result back into the lhs variable.
mixed.string.bool_false_literal	mixed.string.bool_true_literal		member_property			supported	throws	mixed_t	float.zero	true	subtract_assign.mixed.non_numeric	runtime_throw		Compound -= on mixed_t follows delegated numeric arithmetic, then writes the boxed result back into the lhs member property.
mixed.string.bool_false_literal	mixed.string.bool_true_literal		chained_writable_path			supported	throws	mixed_t	float.zero	true	subtract_assign.mixed.non_numeric	runtime_throw		Compound -= on mixed_t follows delegated numeric arithmetic, then writes the boxed result back into the lhs chained writable path.
mixed.string.bool_false_literal	mixed.string.bool_true_literal		keyed_element			supported	throws	mixed_t	float.zero	true	subtract_assign.mixed.non_numeric	runtime_throw		Compound -= on mixed_t follows delegated numeric arithmetic, then writes the boxed result back into the lhs keyed element.
mixed.string.bool_false_literal	mixed.string.nonempty_nonzero_nonbool_literal		assignable_variable			supported	throws	mixed_t	float.zero	true	subtract_assign.mixed.non_numeric	runtime_throw		Compound -= on mixed_t follows delegated numeric arithmetic, then writes the boxed result back into the lhs variable.
mixed.string.bool_false_literal	mixed.string.nonempty_nonzero_nonbool_literal		member_property			supported	throws	mixed_t	float.zero	true	subtract_assign.mixed.non_numeric	runtime_throw		Compound -= on mixed_t follows delegated numeric arithmetic, then writes the boxed result back into the lhs member property.
mixed.string.bool_false_literal	mixed.string.nonempty_nonzero_nonbool_literal		chained_writable_path			supported	throws	mixed_t	float.zero	true	subtract_assign.mixed.non_numeric	runtime_throw		Compound -= on mixed_t follows delegated numeric arithmetic, then writes the boxed result back into the lhs chained writable path.
mixed.string.bool_false_literal	mixed.string.nonempty_nonzero_nonbool_literal		keyed_element			supported	throws	mixed_t	float.zero	true	subtract_assign.mixed.non_numeric	runtime_throw		Compound -= on mixed_t follows delegated numeric arithmetic, then writes the boxed result back into the lhs keyed element.
mixed.string.bool_false_literal	mixed.hash.empty		assignable_variable			supported	throws	mixed_t	float.zero	true	subtract_assign.mixed.non_numeric	runtime_throw		Compound -= on mixed_t follows delegated numeric arithmetic, then writes the boxed result back into the lhs variable.
mixed.string.bool_false_literal	mixed.hash.empty		member_property			supported	throws	mixed_t	float.zero	true	subtract_assign.mixed.non_numeric	runtime_throw		Compound -= on mixed_t follows delegated numeric arithmetic, then writes the boxed result back into the lhs member property.
mixed.string.bool_false_literal	mixed.hash.empty		chained_writable_path			supported	throws	mixed_t	float.zero	true	subtract_assign.mixed.non_numeric	runtime_throw		Compound -= on mixed_t follows delegated numeric arithmetic, then writes the boxed result back into the lhs chained writable path.
mixed.string.bool_false_literal	mixed.hash.empty		keyed_element			supported	throws	mixed_t	float.zero	true	subtract_assign.mixed.non_numeric	runtime_throw		Compound -= on mixed_t follows delegated numeric arithmetic, then writes the boxed result back into the lhs keyed element.
mixed.string.bool_false_literal	mixed.hash.nonempty		assignable_variable			supported	throws	mixed_t	float.zero	true	subtract_assign.mixed.non_numeric	runtime_throw		Compound -= on mixed_t follows delegated numeric arithmetic, then writes the boxed result back into the lhs variable.
mixed.string.bool_false_literal	mixed.hash.nonempty		member_property			supported	throws	mixed_t	float.zero	true	subtract_assign.mixed.non_numeric	runtime_throw		Compound -= on mixed_t follows delegated numeric arithmetic, then writes the boxed result back into the lhs member property.
mixed.string.bool_false_literal	mixed.hash.nonempty		chained_writable_path			supported	throws	mixed_t	float.zero	true	subtract_assign.mixed.non_numeric	runtime_throw		Compound -= on mixed_t follows delegated numeric arithmetic, then writes the boxed result back into the lhs chained writable path.
mixed.string.bool_false_literal	mixed.hash.nonempty		keyed_element			supported	throws	mixed_t	float.zero	true	subtract_assign.mixed.non_numeric	runtime_throw		Compound -= on mixed_t follows delegated numeric arithmetic, then writes the boxed result back into the lhs keyed element.
mixed.string.bool_true_literal	mixed.null		assignable_variable			supported	throws	mixed_t	float.zero	true	subtract_assign.mixed.non_numeric	runtime_throw		Compound -= on mixed_t follows delegated numeric arithmetic, then writes the boxed result back into the lhs variable.
mixed.string.bool_true_literal	mixed.null		member_property			supported	throws	mixed_t	float.zero	true	subtract_assign.mixed.non_numeric	runtime_throw		Compound -= on mixed_t follows delegated numeric arithmetic, then writes the boxed result back into the lhs member property.
mixed.string.bool_true_literal	mixed.null		chained_writable_path			supported	throws	mixed_t	float.zero	true	subtract_assign.mixed.non_numeric	runtime_throw		Compound -= on mixed_t follows delegated numeric arithmetic, then writes the boxed result back into the lhs chained writable path.
mixed.string.bool_true_literal	mixed.null		keyed_element			supported	throws	mixed_t	float.zero	true	subtract_assign.mixed.non_numeric	runtime_throw		Compound -= on mixed_t follows delegated numeric arithmetic, then writes the boxed result back into the lhs keyed element.
mixed.string.bool_true_literal	mixed.bool.false		assignable_variable			supported	throws	mixed_t	float.zero	true	subtract_assign.mixed.non_numeric	runtime_throw		Compound -= on mixed_t follows delegated numeric arithmetic, then writes the boxed result back into the lhs variable.
mixed.string.bool_true_literal	mixed.bool.false		member_property			supported	throws	mixed_t	float.zero	true	subtract_assign.mixed.non_numeric	runtime_throw		Compound -= on mixed_t follows delegated numeric arithmetic, then writes the boxed result back into the lhs member property.
mixed.string.bool_true_literal	mixed.bool.false		chained_writable_path			supported	throws	mixed_t	float.zero	true	subtract_assign.mixed.non_numeric	runtime_throw		Compound -= on mixed_t follows delegated numeric arithmetic, then writes the boxed result back into the lhs chained writable path.
mixed.string.bool_true_literal	mixed.bool.false		keyed_element			supported	throws	mixed_t	float.zero	true	subtract_assign.mixed.non_numeric	runtime_throw		Compound -= on mixed_t follows delegated numeric arithmetic, then writes the boxed result back into the lhs keyed element.
mixed.string.bool_true_literal	mixed.bool.true		assignable_variable			supported	throws	mixed_t	float.zero	true	subtract_assign.mixed.non_numeric	runtime_throw		Compound -= on mixed_t follows delegated numeric arithmetic, then writes the boxed result back into the lhs variable.
mixed.string.bool_true_literal	mixed.bool.true		member_property			supported	throws	mixed_t	float.zero	true	subtract_assign.mixed.non_numeric	runtime_throw		Compound -= on mixed_t follows delegated numeric arithmetic, then writes the boxed result back into the lhs member property.
mixed.string.bool_true_literal	mixed.bool.true		chained_writable_path			supported	throws	mixed_t	float.zero	true	subtract_assign.mixed.non_numeric	runtime_throw		Compound -= on mixed_t follows delegated numeric arithmetic, then writes the boxed result back into the lhs chained writable path.
mixed.string.bool_true_literal	mixed.bool.true		keyed_element			supported	throws	mixed_t	float.zero	true	subtract_assign.mixed.non_numeric	runtime_throw		Compound -= on mixed_t follows delegated numeric arithmetic, then writes the boxed result back into the lhs keyed element.
mixed.string.bool_true_literal	mixed.int.zero		assignable_variable			supported	throws	mixed_t	float.zero	true	subtract_assign.mixed.non_numeric	runtime_throw		Compound -= on mixed_t follows delegated numeric arithmetic, then writes the boxed result back into the lhs variable.
mixed.string.bool_true_literal	mixed.int.zero		member_property			supported	throws	mixed_t	float.zero	true	subtract_assign.mixed.non_numeric	runtime_throw		Compound -= on mixed_t follows delegated numeric arithmetic, then writes the boxed result back into the lhs member property.
mixed.string.bool_true_literal	mixed.int.zero		chained_writable_path			supported	throws	mixed_t	float.zero	true	subtract_assign.mixed.non_numeric	runtime_throw		Compound -= on mixed_t follows delegated numeric arithmetic, then writes the boxed result back into the lhs chained writable path.
mixed.string.bool_true_literal	mixed.int.zero		keyed_element			supported	throws	mixed_t	float.zero	true	subtract_assign.mixed.non_numeric	runtime_throw		Compound -= on mixed_t follows delegated numeric arithmetic, then writes the boxed result back into the lhs keyed element.
mixed.string.bool_true_literal	mixed.int.nonzero		assignable_variable			supported	throws	mixed_t	float.zero	true	subtract_assign.mixed.non_numeric	runtime_throw		Compound -= on mixed_t follows delegated numeric arithmetic, then writes the boxed result back into the lhs variable.
mixed.string.bool_true_literal	mixed.int.nonzero		member_property			supported	throws	mixed_t	float.zero	true	subtract_assign.mixed.non_numeric	runtime_throw		Compound -= on mixed_t follows delegated numeric arithmetic, then writes the boxed result back into the lhs member property.
mixed.string.bool_true_literal	mixed.int.nonzero		chained_writable_path			supported	throws	mixed_t	float.zero	true	subtract_assign.mixed.non_numeric	runtime_throw		Compound -= on mixed_t follows delegated numeric arithmetic, then writes the boxed result back into the lhs chained writable path.
mixed.string.bool_true_literal	mixed.int.nonzero		keyed_element			supported	throws	mixed_t	float.zero	true	subtract_assign.mixed.non_numeric	runtime_throw		Compound -= on mixed_t follows delegated numeric arithmetic, then writes the boxed result back into the lhs keyed element.
mixed.string.bool_true_literal	mixed.float.zero		assignable_variable			supported	throws	mixed_t	float.zero	true	subtract_assign.mixed.non_numeric	runtime_throw		Compound -= on mixed_t follows delegated numeric arithmetic, then writes the boxed result back into the lhs variable.
mixed.string.bool_true_literal	mixed.float.zero		member_property			supported	throws	mixed_t	float.zero	true	subtract_assign.mixed.non_numeric	runtime_throw		Compound -= on mixed_t follows delegated numeric arithmetic, then writes the boxed result back into the lhs member property.
mixed.string.bool_true_literal	mixed.float.zero		chained_writable_path			supported	throws	mixed_t	float.zero	true	subtract_assign.mixed.non_numeric	runtime_throw		Compound -= on mixed_t follows delegated numeric arithmetic, then writes the boxed result back into the lhs chained writable path.
mixed.string.bool_true_literal	mixed.float.zero		keyed_element			supported	throws	mixed_t	float.zero	true	subtract_assign.mixed.non_numeric	runtime_throw		Compound -= on mixed_t follows delegated numeric arithmetic, then writes the boxed result back into the lhs keyed element.
mixed.string.bool_true_literal	mixed.float.nonzero		assignable_variable			supported	throws	mixed_t	float.zero	true	subtract_assign.mixed.non_numeric	runtime_throw		Compound -= on mixed_t follows delegated numeric arithmetic, then writes the boxed result back into the lhs variable.
mixed.string.bool_true_literal	mixed.float.nonzero		member_property			supported	throws	mixed_t	float.zero	true	subtract_assign.mixed.non_numeric	runtime_throw		Compound -= on mixed_t follows delegated numeric arithmetic, then writes the boxed result back into the lhs member property.
mixed.string.bool_true_literal	mixed.float.nonzero		chained_writable_path			supported	throws	mixed_t	float.zero	true	subtract_assign.mixed.non_numeric	runtime_throw		Compound -= on mixed_t follows delegated numeric arithmetic, then writes the boxed result back into the lhs chained writable path.
mixed.string.bool_true_literal	mixed.float.nonzero		keyed_element			supported	throws	mixed_t	float.zero	true	subtract_assign.mixed.non_numeric	runtime_throw		Compound -= on mixed_t follows delegated numeric arithmetic, then writes the boxed result back into the lhs keyed element.
mixed.string.bool_true_literal	mixed.string.empty		assignable_variable			supported	throws	mixed_t	float.zero	true	subtract_assign.mixed.non_numeric	runtime_throw		Compound -= on mixed_t follows delegated numeric arithmetic, then writes the boxed result back into the lhs variable.
mixed.string.bool_true_literal	mixed.string.empty		member_property			supported	throws	mixed_t	float.zero	true	subtract_assign.mixed.non_numeric	runtime_throw		Compound -= on mixed_t follows delegated numeric arithmetic, then writes the boxed result back into the lhs member property.
mixed.string.bool_true_literal	mixed.string.empty		chained_writable_path			supported	throws	mixed_t	float.zero	true	subtract_assign.mixed.non_numeric	runtime_throw		Compound -= on mixed_t follows delegated numeric arithmetic, then writes the boxed result back into the lhs chained writable path.
mixed.string.bool_true_literal	mixed.string.empty		keyed_element			supported	throws	mixed_t	float.zero	true	subtract_assign.mixed.non_numeric	runtime_throw		Compound -= on mixed_t follows delegated numeric arithmetic, then writes the boxed result back into the lhs keyed element.
mixed.string.bool_true_literal	mixed.string.zero_string		assignable_variable			supported	throws	mixed_t	float.zero	true	subtract_assign.mixed.non_numeric	runtime_throw		Compound -= on mixed_t follows delegated numeric arithmetic, then writes the boxed result back into the lhs variable.
mixed.string.bool_true_literal	mixed.string.zero_string		member_property			supported	throws	mixed_t	float.zero	true	subtract_assign.mixed.non_numeric	runtime_throw		Compound -= on mixed_t follows delegated numeric arithmetic, then writes the boxed result back into the lhs member property.
mixed.string.bool_true_literal	mixed.string.zero_string		chained_writable_path			supported	throws	mixed_t	float.zero	true	subtract_assign.mixed.non_numeric	runtime_throw		Compound -= on mixed_t follows delegated numeric arithmetic, then writes the boxed result back into the lhs chained writable path.
mixed.string.bool_true_literal	mixed.string.zero_string		keyed_element			supported	throws	mixed_t	float.zero	true	subtract_assign.mixed.non_numeric	runtime_throw		Compound -= on mixed_t follows delegated numeric arithmetic, then writes the boxed result back into the lhs keyed element.
mixed.string.bool_true_literal	mixed.string.bool_false_literal		assignable_variable			supported	throws	mixed_t	float.zero	true	subtract_assign.mixed.non_numeric	runtime_throw		Compound -= on mixed_t follows delegated numeric arithmetic, then writes the boxed result back into the lhs variable.
mixed.string.bool_true_literal	mixed.string.bool_false_literal		member_property			supported	throws	mixed_t	float.zero	true	subtract_assign.mixed.non_numeric	runtime_throw		Compound -= on mixed_t follows delegated numeric arithmetic, then writes the boxed result back into the lhs member property.
mixed.string.bool_true_literal	mixed.string.bool_false_literal		chained_writable_path			supported	throws	mixed_t	float.zero	true	subtract_assign.mixed.non_numeric	runtime_throw		Compound -= on mixed_t follows delegated numeric arithmetic, then writes the boxed result back into the lhs chained writable path.
mixed.string.bool_true_literal	mixed.string.bool_false_literal		keyed_element			supported	throws	mixed_t	float.zero	true	subtract_assign.mixed.non_numeric	runtime_throw		Compound -= on mixed_t follows delegated numeric arithmetic, then writes the boxed result back into the lhs keyed element.
mixed.string.bool_true_literal	mixed.string.bool_true_literal		assignable_variable			supported	throws	mixed_t	float.zero	true	subtract_assign.mixed.non_numeric	runtime_throw		Compound -= on mixed_t follows delegated numeric arithmetic, then writes the boxed result back into the lhs variable.
mixed.string.bool_true_literal	mixed.string.bool_true_literal		member_property			supported	throws	mixed_t	float.zero	true	subtract_assign.mixed.non_numeric	runtime_throw		Compound -= on mixed_t follows delegated numeric arithmetic, then writes the boxed result back into the lhs member property.
mixed.string.bool_true_literal	mixed.string.bool_true_literal		chained_writable_path			supported	throws	mixed_t	float.zero	true	subtract_assign.mixed.non_numeric	runtime_throw		Compound -= on mixed_t follows delegated numeric arithmetic, then writes the boxed result back into the lhs chained writable path.
mixed.string.bool_true_literal	mixed.string.bool_true_literal		keyed_element			supported	throws	mixed_t	float.zero	true	subtract_assign.mixed.non_numeric	runtime_throw		Compound -= on mixed_t follows delegated numeric arithmetic, then writes the boxed result back into the lhs keyed element.
mixed.string.bool_true_literal	mixed.string.nonempty_nonzero_nonbool_literal		assignable_variable			supported	throws	mixed_t	float.zero	true	subtract_assign.mixed.non_numeric	runtime_throw		Compound -= on mixed_t follows delegated numeric arithmetic, then writes the boxed result back into the lhs variable.
mixed.string.bool_true_literal	mixed.string.nonempty_nonzero_nonbool_literal		member_property			supported	throws	mixed_t	float.zero	true	subtract_assign.mixed.non_numeric	runtime_throw		Compound -= on mixed_t follows delegated numeric arithmetic, then writes the boxed result back into the lhs member property.
mixed.string.bool_true_literal	mixed.string.nonempty_nonzero_nonbool_literal		chained_writable_path			supported	throws	mixed_t	float.zero	true	subtract_assign.mixed.non_numeric	runtime_throw		Compound -= on mixed_t follows delegated numeric arithmetic, then writes the boxed result back into the lhs chained writable path.
mixed.string.bool_true_literal	mixed.string.nonempty_nonzero_nonbool_literal		keyed_element			supported	throws	mixed_t	float.zero	true	subtract_assign.mixed.non_numeric	runtime_throw		Compound -= on mixed_t follows delegated numeric arithmetic, then writes the boxed result back into the lhs keyed element.
mixed.string.bool_true_literal	mixed.hash.empty		assignable_variable			supported	throws	mixed_t	float.zero	true	subtract_assign.mixed.non_numeric	runtime_throw		Compound -= on mixed_t follows delegated numeric arithmetic, then writes the boxed result back into the lhs variable.
mixed.string.bool_true_literal	mixed.hash.empty		member_property			supported	throws	mixed_t	float.zero	true	subtract_assign.mixed.non_numeric	runtime_throw		Compound -= on mixed_t follows delegated numeric arithmetic, then writes the boxed result back into the lhs member property.
mixed.string.bool_true_literal	mixed.hash.empty		chained_writable_path			supported	throws	mixed_t	float.zero	true	subtract_assign.mixed.non_numeric	runtime_throw		Compound -= on mixed_t follows delegated numeric arithmetic, then writes the boxed result back into the lhs chained writable path.
mixed.string.bool_true_literal	mixed.hash.empty		keyed_element			supported	throws	mixed_t	float.zero	true	subtract_assign.mixed.non_numeric	runtime_throw		Compound -= on mixed_t follows delegated numeric arithmetic, then writes the boxed result back into the lhs keyed element.
mixed.string.bool_true_literal	mixed.hash.nonempty		assignable_variable			supported	throws	mixed_t	float.zero	true	subtract_assign.mixed.non_numeric	runtime_throw		Compound -= on mixed_t follows delegated numeric arithmetic, then writes the boxed result back into the lhs variable.
mixed.string.bool_true_literal	mixed.hash.nonempty		member_property			supported	throws	mixed_t	float.zero	true	subtract_assign.mixed.non_numeric	runtime_throw		Compound -= on mixed_t follows delegated numeric arithmetic, then writes the boxed result back into the lhs member property.
mixed.string.bool_true_literal	mixed.hash.nonempty		chained_writable_path			supported	throws	mixed_t	float.zero	true	subtract_assign.mixed.non_numeric	runtime_throw		Compound -= on mixed_t follows delegated numeric arithmetic, then writes the boxed result back into the lhs chained writable path.
mixed.string.bool_true_literal	mixed.hash.nonempty		keyed_element			supported	throws	mixed_t	float.zero	true	subtract_assign.mixed.non_numeric	runtime_throw		Compound -= on mixed_t follows delegated numeric arithmetic, then writes the boxed result back into the lhs keyed element.
mixed.string.nonempty_nonzero_nonbool_literal	mixed.null		assignable_variable			supported	throws	mixed_t	float.zero	true	subtract_assign.mixed.non_numeric	runtime_throw		Compound -= on mixed_t follows delegated numeric arithmetic, then writes the boxed result back into the lhs variable.
mixed.string.nonempty_nonzero_nonbool_literal	mixed.null		member_property			supported	throws	mixed_t	float.zero	true	subtract_assign.mixed.non_numeric	runtime_throw		Compound -= on mixed_t follows delegated numeric arithmetic, then writes the boxed result back into the lhs member property.
mixed.string.nonempty_nonzero_nonbool_literal	mixed.null		chained_writable_path			supported	throws	mixed_t	float.zero	true	subtract_assign.mixed.non_numeric	runtime_throw		Compound -= on mixed_t follows delegated numeric arithmetic, then writes the boxed result back into the lhs chained writable path.
mixed.string.nonempty_nonzero_nonbool_literal	mixed.null		keyed_element			supported	throws	mixed_t	float.zero	true	subtract_assign.mixed.non_numeric	runtime_throw		Compound -= on mixed_t follows delegated numeric arithmetic, then writes the boxed result back into the lhs keyed element.
mixed.string.nonempty_nonzero_nonbool_literal	mixed.bool.false		assignable_variable			supported	throws	mixed_t	float.zero	true	subtract_assign.mixed.non_numeric	runtime_throw		Compound -= on mixed_t follows delegated numeric arithmetic, then writes the boxed result back into the lhs variable.
mixed.string.nonempty_nonzero_nonbool_literal	mixed.bool.false		member_property			supported	throws	mixed_t	float.zero	true	subtract_assign.mixed.non_numeric	runtime_throw		Compound -= on mixed_t follows delegated numeric arithmetic, then writes the boxed result back into the lhs member property.
mixed.string.nonempty_nonzero_nonbool_literal	mixed.bool.false		chained_writable_path			supported	throws	mixed_t	float.zero	true	subtract_assign.mixed.non_numeric	runtime_throw		Compound -= on mixed_t follows delegated numeric arithmetic, then writes the boxed result back into the lhs chained writable path.
mixed.string.nonempty_nonzero_nonbool_literal	mixed.bool.false		keyed_element			supported	throws	mixed_t	float.zero	true	subtract_assign.mixed.non_numeric	runtime_throw		Compound -= on mixed_t follows delegated numeric arithmetic, then writes the boxed result back into the lhs keyed element.
mixed.string.nonempty_nonzero_nonbool_literal	mixed.bool.true		assignable_variable			supported	throws	mixed_t	float.zero	true	subtract_assign.mixed.non_numeric	runtime_throw		Compound -= on mixed_t follows delegated numeric arithmetic, then writes the boxed result back into the lhs variable.
mixed.string.nonempty_nonzero_nonbool_literal	mixed.bool.true		member_property			supported	throws	mixed_t	float.zero	true	subtract_assign.mixed.non_numeric	runtime_throw		Compound -= on mixed_t follows delegated numeric arithmetic, then writes the boxed result back into the lhs member property.
mixed.string.nonempty_nonzero_nonbool_literal	mixed.bool.true		chained_writable_path			supported	throws	mixed_t	float.zero	true	subtract_assign.mixed.non_numeric	runtime_throw		Compound -= on mixed_t follows delegated numeric arithmetic, then writes the boxed result back into the lhs chained writable path.
mixed.string.nonempty_nonzero_nonbool_literal	mixed.bool.true		keyed_element			supported	throws	mixed_t	float.zero	true	subtract_assign.mixed.non_numeric	runtime_throw		Compound -= on mixed_t follows delegated numeric arithmetic, then writes the boxed result back into the lhs keyed element.
mixed.string.nonempty_nonzero_nonbool_literal	mixed.int.zero		assignable_variable			supported	throws	mixed_t	float.zero	true	subtract_assign.mixed.non_numeric	runtime_throw		Compound -= on mixed_t follows delegated numeric arithmetic, then writes the boxed result back into the lhs variable.
mixed.string.nonempty_nonzero_nonbool_literal	mixed.int.zero		member_property			supported	throws	mixed_t	float.zero	true	subtract_assign.mixed.non_numeric	runtime_throw		Compound -= on mixed_t follows delegated numeric arithmetic, then writes the boxed result back into the lhs member property.
mixed.string.nonempty_nonzero_nonbool_literal	mixed.int.zero		chained_writable_path			supported	throws	mixed_t	float.zero	true	subtract_assign.mixed.non_numeric	runtime_throw		Compound -= on mixed_t follows delegated numeric arithmetic, then writes the boxed result back into the lhs chained writable path.
mixed.string.nonempty_nonzero_nonbool_literal	mixed.int.zero		keyed_element			supported	throws	mixed_t	float.zero	true	subtract_assign.mixed.non_numeric	runtime_throw		Compound -= on mixed_t follows delegated numeric arithmetic, then writes the boxed result back into the lhs keyed element.
mixed.string.nonempty_nonzero_nonbool_literal	mixed.int.nonzero		assignable_variable			supported	throws	mixed_t	float.zero	true	subtract_assign.mixed.non_numeric	runtime_throw		Compound -= on mixed_t follows delegated numeric arithmetic, then writes the boxed result back into the lhs variable.
mixed.string.nonempty_nonzero_nonbool_literal	mixed.int.nonzero		member_property			supported	throws	mixed_t	float.zero	true	subtract_assign.mixed.non_numeric	runtime_throw		Compound -= on mixed_t follows delegated numeric arithmetic, then writes the boxed result back into the lhs member property.
mixed.string.nonempty_nonzero_nonbool_literal	mixed.int.nonzero		chained_writable_path			supported	throws	mixed_t	float.zero	true	subtract_assign.mixed.non_numeric	runtime_throw		Compound -= on mixed_t follows delegated numeric arithmetic, then writes the boxed result back into the lhs chained writable path.
mixed.string.nonempty_nonzero_nonbool_literal	mixed.int.nonzero		keyed_element			supported	throws	mixed_t	float.zero	true	subtract_assign.mixed.non_numeric	runtime_throw		Compound -= on mixed_t follows delegated numeric arithmetic, then writes the boxed result back into the lhs keyed element.
mixed.string.nonempty_nonzero_nonbool_literal	mixed.float.zero		assignable_variable			supported	throws	mixed_t	float.zero	true	subtract_assign.mixed.non_numeric	runtime_throw		Compound -= on mixed_t follows delegated numeric arithmetic, then writes the boxed result back into the lhs variable.
mixed.string.nonempty_nonzero_nonbool_literal	mixed.float.zero		member_property			supported	throws	mixed_t	float.zero	true	subtract_assign.mixed.non_numeric	runtime_throw		Compound -= on mixed_t follows delegated numeric arithmetic, then writes the boxed result back into the lhs member property.
mixed.string.nonempty_nonzero_nonbool_literal	mixed.float.zero		chained_writable_path			supported	throws	mixed_t	float.zero	true	subtract_assign.mixed.non_numeric	runtime_throw		Compound -= on mixed_t follows delegated numeric arithmetic, then writes the boxed result back into the lhs chained writable path.
mixed.string.nonempty_nonzero_nonbool_literal	mixed.float.zero		keyed_element			supported	throws	mixed_t	float.zero	true	subtract_assign.mixed.non_numeric	runtime_throw		Compound -= on mixed_t follows delegated numeric arithmetic, then writes the boxed result back into the lhs keyed element.
mixed.string.nonempty_nonzero_nonbool_literal	mixed.float.nonzero		assignable_variable			supported	throws	mixed_t	float.zero	true	subtract_assign.mixed.non_numeric	runtime_throw		Compound -= on mixed_t follows delegated numeric arithmetic, then writes the boxed result back into the lhs variable.
mixed.string.nonempty_nonzero_nonbool_literal	mixed.float.nonzero		member_property			supported	throws	mixed_t	float.zero	true	subtract_assign.mixed.non_numeric	runtime_throw		Compound -= on mixed_t follows delegated numeric arithmetic, then writes the boxed result back into the lhs member property.
mixed.string.nonempty_nonzero_nonbool_literal	mixed.float.nonzero		chained_writable_path			supported	throws	mixed_t	float.zero	true	subtract_assign.mixed.non_numeric	runtime_throw		Compound -= on mixed_t follows delegated numeric arithmetic, then writes the boxed result back into the lhs chained writable path.
mixed.string.nonempty_nonzero_nonbool_literal	mixed.float.nonzero		keyed_element			supported	throws	mixed_t	float.zero	true	subtract_assign.mixed.non_numeric	runtime_throw		Compound -= on mixed_t follows delegated numeric arithmetic, then writes the boxed result back into the lhs keyed element.
mixed.string.nonempty_nonzero_nonbool_literal	mixed.string.empty		assignable_variable			supported	throws	mixed_t	float.zero	true	subtract_assign.mixed.non_numeric	runtime_throw		Compound -= on mixed_t follows delegated numeric arithmetic, then writes the boxed result back into the lhs variable.
mixed.string.nonempty_nonzero_nonbool_literal	mixed.string.empty		member_property			supported	throws	mixed_t	float.zero	true	subtract_assign.mixed.non_numeric	runtime_throw		Compound -= on mixed_t follows delegated numeric arithmetic, then writes the boxed result back into the lhs member property.
mixed.string.nonempty_nonzero_nonbool_literal	mixed.string.empty		chained_writable_path			supported	throws	mixed_t	float.zero	true	subtract_assign.mixed.non_numeric	runtime_throw		Compound -= on mixed_t follows delegated numeric arithmetic, then writes the boxed result back into the lhs chained writable path.
mixed.string.nonempty_nonzero_nonbool_literal	mixed.string.empty		keyed_element			supported	throws	mixed_t	float.zero	true	subtract_assign.mixed.non_numeric	runtime_throw		Compound -= on mixed_t follows delegated numeric arithmetic, then writes the boxed result back into the lhs keyed element.
mixed.string.nonempty_nonzero_nonbool_literal	mixed.string.zero_string		assignable_variable			supported	throws	mixed_t	float.zero	true	subtract_assign.mixed.non_numeric	runtime_throw		Compound -= on mixed_t follows delegated numeric arithmetic, then writes the boxed result back into the lhs variable.
mixed.string.nonempty_nonzero_nonbool_literal	mixed.string.zero_string		member_property			supported	throws	mixed_t	float.zero	true	subtract_assign.mixed.non_numeric	runtime_throw		Compound -= on mixed_t follows delegated numeric arithmetic, then writes the boxed result back into the lhs member property.
mixed.string.nonempty_nonzero_nonbool_literal	mixed.string.zero_string		chained_writable_path			supported	throws	mixed_t	float.zero	true	subtract_assign.mixed.non_numeric	runtime_throw		Compound -= on mixed_t follows delegated numeric arithmetic, then writes the boxed result back into the lhs chained writable path.
mixed.string.nonempty_nonzero_nonbool_literal	mixed.string.zero_string		keyed_element			supported	throws	mixed_t	float.zero	true	subtract_assign.mixed.non_numeric	runtime_throw		Compound -= on mixed_t follows delegated numeric arithmetic, then writes the boxed result back into the lhs keyed element.
mixed.string.nonempty_nonzero_nonbool_literal	mixed.string.bool_false_literal		assignable_variable			supported	throws	mixed_t	float.zero	true	subtract_assign.mixed.non_numeric	runtime_throw		Compound -= on mixed_t follows delegated numeric arithmetic, then writes the boxed result back into the lhs variable.
mixed.string.nonempty_nonzero_nonbool_literal	mixed.string.bool_false_literal		member_property			supported	throws	mixed_t	float.zero	true	subtract_assign.mixed.non_numeric	runtime_throw		Compound -= on mixed_t follows delegated numeric arithmetic, then writes the boxed result back into the lhs member property.
mixed.string.nonempty_nonzero_nonbool_literal	mixed.string.bool_false_literal		chained_writable_path			supported	throws	mixed_t	float.zero	true	subtract_assign.mixed.non_numeric	runtime_throw		Compound -= on mixed_t follows delegated numeric arithmetic, then writes the boxed result back into the lhs chained writable path.
mixed.string.nonempty_nonzero_nonbool_literal	mixed.string.bool_false_literal		keyed_element			supported	throws	mixed_t	float.zero	true	subtract_assign.mixed.non_numeric	runtime_throw		Compound -= on mixed_t follows delegated numeric arithmetic, then writes the boxed result back into the lhs keyed element.
mixed.string.nonempty_nonzero_nonbool_literal	mixed.string.bool_true_literal		assignable_variable			supported	throws	mixed_t	float.zero	true	subtract_assign.mixed.non_numeric	runtime_throw		Compound -= on mixed_t follows delegated numeric arithmetic, then writes the boxed result back into the lhs variable.
mixed.string.nonempty_nonzero_nonbool_literal	mixed.string.bool_true_literal		member_property			supported	throws	mixed_t	float.zero	true	subtract_assign.mixed.non_numeric	runtime_throw		Compound -= on mixed_t follows delegated numeric arithmetic, then writes the boxed result back into the lhs member property.
mixed.string.nonempty_nonzero_nonbool_literal	mixed.string.bool_true_literal		chained_writable_path			supported	throws	mixed_t	float.zero	true	subtract_assign.mixed.non_numeric	runtime_throw		Compound -= on mixed_t follows delegated numeric arithmetic, then writes the boxed result back into the lhs chained writable path.
mixed.string.nonempty_nonzero_nonbool_literal	mixed.string.bool_true_literal		keyed_element			supported	throws	mixed_t	float.zero	true	subtract_assign.mixed.non_numeric	runtime_throw		Compound -= on mixed_t follows delegated numeric arithmetic, then writes the boxed result back into the lhs keyed element.
mixed.string.nonempty_nonzero_nonbool_literal	mixed.string.nonempty_nonzero_nonbool_literal		assignable_variable			supported	throws	mixed_t	float.zero	true	subtract_assign.mixed.non_numeric	runtime_throw		Compound -= on mixed_t follows delegated numeric arithmetic, then writes the boxed result back into the lhs variable.
mixed.string.nonempty_nonzero_nonbool_literal	mixed.string.nonempty_nonzero_nonbool_literal		member_property			supported	throws	mixed_t	float.zero	true	subtract_assign.mixed.non_numeric	runtime_throw		Compound -= on mixed_t follows delegated numeric arithmetic, then writes the boxed result back into the lhs member property.
mixed.string.nonempty_nonzero_nonbool_literal	mixed.string.nonempty_nonzero_nonbool_literal		chained_writable_path			supported	throws	mixed_t	float.zero	true	subtract_assign.mixed.non_numeric	runtime_throw		Compound -= on mixed_t follows delegated numeric arithmetic, then writes the boxed result back into the lhs chained writable path.
mixed.string.nonempty_nonzero_nonbool_literal	mixed.string.nonempty_nonzero_nonbool_literal		keyed_element			supported	throws	mixed_t	float.zero	true	subtract_assign.mixed.non_numeric	runtime_throw		Compound -= on mixed_t follows delegated numeric arithmetic, then writes the boxed result back into the lhs keyed element.
mixed.string.nonempty_nonzero_nonbool_literal	mixed.hash.empty		assignable_variable			supported	throws	mixed_t	float.zero	true	subtract_assign.mixed.non_numeric	runtime_throw		Compound -= on mixed_t follows delegated numeric arithmetic, then writes the boxed result back into the lhs variable.
mixed.string.nonempty_nonzero_nonbool_literal	mixed.hash.empty		member_property			supported	throws	mixed_t	float.zero	true	subtract_assign.mixed.non_numeric	runtime_throw		Compound -= on mixed_t follows delegated numeric arithmetic, then writes the boxed result back into the lhs member property.
mixed.string.nonempty_nonzero_nonbool_literal	mixed.hash.empty		chained_writable_path			supported	throws	mixed_t	float.zero	true	subtract_assign.mixed.non_numeric	runtime_throw		Compound -= on mixed_t follows delegated numeric arithmetic, then writes the boxed result back into the lhs chained writable path.
mixed.string.nonempty_nonzero_nonbool_literal	mixed.hash.empty		keyed_element			supported	throws	mixed_t	float.zero	true	subtract_assign.mixed.non_numeric	runtime_throw		Compound -= on mixed_t follows delegated numeric arithmetic, then writes the boxed result back into the lhs keyed element.
mixed.string.nonempty_nonzero_nonbool_literal	mixed.hash.nonempty		assignable_variable			supported	throws	mixed_t	float.zero	true	subtract_assign.mixed.non_numeric	runtime_throw		Compound -= on mixed_t follows delegated numeric arithmetic, then writes the boxed result back into the lhs variable.
mixed.string.nonempty_nonzero_nonbool_literal	mixed.hash.nonempty		member_property			supported	throws	mixed_t	float.zero	true	subtract_assign.mixed.non_numeric	runtime_throw		Compound -= on mixed_t follows delegated numeric arithmetic, then writes the boxed result back into the lhs member property.
mixed.string.nonempty_nonzero_nonbool_literal	mixed.hash.nonempty		chained_writable_path			supported	throws	mixed_t	float.zero	true	subtract_assign.mixed.non_numeric	runtime_throw		Compound -= on mixed_t follows delegated numeric arithmetic, then writes the boxed result back into the lhs chained writable path.
mixed.string.nonempty_nonzero_nonbool_literal	mixed.hash.nonempty		keyed_element			supported	throws	mixed_t	float.zero	true	subtract_assign.mixed.non_numeric	runtime_throw		Compound -= on mixed_t follows delegated numeric arithmetic, then writes the boxed result back into the lhs keyed element.
mixed.hash.empty	mixed.null		assignable_variable			supported	throws	mixed_t	float.zero	true	subtract_assign.mixed.non_numeric	runtime_throw		Compound -= on mixed_t follows delegated numeric arithmetic, then writes the boxed result back into the lhs variable.
mixed.hash.empty	mixed.null		member_property			supported	throws	mixed_t	float.zero	true	subtract_assign.mixed.non_numeric	runtime_throw		Compound -= on mixed_t follows delegated numeric arithmetic, then writes the boxed result back into the lhs member property.
mixed.hash.empty	mixed.null		chained_writable_path			supported	throws	mixed_t	float.zero	true	subtract_assign.mixed.non_numeric	runtime_throw		Compound -= on mixed_t follows delegated numeric arithmetic, then writes the boxed result back into the lhs chained writable path.
mixed.hash.empty	mixed.null		keyed_element			supported	throws	mixed_t	float.zero	true	subtract_assign.mixed.non_numeric	runtime_throw		Compound -= on mixed_t follows delegated numeric arithmetic, then writes the boxed result back into the lhs keyed element.
mixed.hash.empty	mixed.bool.false		assignable_variable			supported	throws	mixed_t	float.zero	true	subtract_assign.mixed.non_numeric	runtime_throw		Compound -= on mixed_t follows delegated numeric arithmetic, then writes the boxed result back into the lhs variable.
mixed.hash.empty	mixed.bool.false		member_property			supported	throws	mixed_t	float.zero	true	subtract_assign.mixed.non_numeric	runtime_throw		Compound -= on mixed_t follows delegated numeric arithmetic, then writes the boxed result back into the lhs member property.
mixed.hash.empty	mixed.bool.false		chained_writable_path			supported	throws	mixed_t	float.zero	true	subtract_assign.mixed.non_numeric	runtime_throw		Compound -= on mixed_t follows delegated numeric arithmetic, then writes the boxed result back into the lhs chained writable path.
mixed.hash.empty	mixed.bool.false		keyed_element			supported	throws	mixed_t	float.zero	true	subtract_assign.mixed.non_numeric	runtime_throw		Compound -= on mixed_t follows delegated numeric arithmetic, then writes the boxed result back into the lhs keyed element.
mixed.hash.empty	mixed.bool.true		assignable_variable			supported	throws	mixed_t	float.zero	true	subtract_assign.mixed.non_numeric	runtime_throw		Compound -= on mixed_t follows delegated numeric arithmetic, then writes the boxed result back into the lhs variable.
mixed.hash.empty	mixed.bool.true		member_property			supported	throws	mixed_t	float.zero	true	subtract_assign.mixed.non_numeric	runtime_throw		Compound -= on mixed_t follows delegated numeric arithmetic, then writes the boxed result back into the lhs member property.
mixed.hash.empty	mixed.bool.true		chained_writable_path			supported	throws	mixed_t	float.zero	true	subtract_assign.mixed.non_numeric	runtime_throw		Compound -= on mixed_t follows delegated numeric arithmetic, then writes the boxed result back into the lhs chained writable path.
mixed.hash.empty	mixed.bool.true		keyed_element			supported	throws	mixed_t	float.zero	true	subtract_assign.mixed.non_numeric	runtime_throw		Compound -= on mixed_t follows delegated numeric arithmetic, then writes the boxed result back into the lhs keyed element.
mixed.hash.empty	mixed.int.zero		assignable_variable			supported	throws	mixed_t	float.zero	true	subtract_assign.mixed.non_numeric	runtime_throw		Compound -= on mixed_t follows delegated numeric arithmetic, then writes the boxed result back into the lhs variable.
mixed.hash.empty	mixed.int.zero		member_property			supported	throws	mixed_t	float.zero	true	subtract_assign.mixed.non_numeric	runtime_throw		Compound -= on mixed_t follows delegated numeric arithmetic, then writes the boxed result back into the lhs member property.
mixed.hash.empty	mixed.int.zero		chained_writable_path			supported	throws	mixed_t	float.zero	true	subtract_assign.mixed.non_numeric	runtime_throw		Compound -= on mixed_t follows delegated numeric arithmetic, then writes the boxed result back into the lhs chained writable path.
mixed.hash.empty	mixed.int.zero		keyed_element			supported	throws	mixed_t	float.zero	true	subtract_assign.mixed.non_numeric	runtime_throw		Compound -= on mixed_t follows delegated numeric arithmetic, then writes the boxed result back into the lhs keyed element.
mixed.hash.empty	mixed.int.nonzero		assignable_variable			supported	throws	mixed_t	float.zero	true	subtract_assign.mixed.non_numeric	runtime_throw		Compound -= on mixed_t follows delegated numeric arithmetic, then writes the boxed result back into the lhs variable.
mixed.hash.empty	mixed.int.nonzero		member_property			supported	throws	mixed_t	float.zero	true	subtract_assign.mixed.non_numeric	runtime_throw		Compound -= on mixed_t follows delegated numeric arithmetic, then writes the boxed result back into the lhs member property.
mixed.hash.empty	mixed.int.nonzero		chained_writable_path			supported	throws	mixed_t	float.zero	true	subtract_assign.mixed.non_numeric	runtime_throw		Compound -= on mixed_t follows delegated numeric arithmetic, then writes the boxed result back into the lhs chained writable path.
mixed.hash.empty	mixed.int.nonzero		keyed_element			supported	throws	mixed_t	float.zero	true	subtract_assign.mixed.non_numeric	runtime_throw		Compound -= on mixed_t follows delegated numeric arithmetic, then writes the boxed result back into the lhs keyed element.
mixed.hash.empty	mixed.float.zero		assignable_variable			supported	throws	mixed_t	float.zero	true	subtract_assign.mixed.non_numeric	runtime_throw		Compound -= on mixed_t follows delegated numeric arithmetic, then writes the boxed result back into the lhs variable.
mixed.hash.empty	mixed.float.zero		member_property			supported	throws	mixed_t	float.zero	true	subtract_assign.mixed.non_numeric	runtime_throw		Compound -= on mixed_t follows delegated numeric arithmetic, then writes the boxed result back into the lhs member property.
mixed.hash.empty	mixed.float.zero		chained_writable_path			supported	throws	mixed_t	float.zero	true	subtract_assign.mixed.non_numeric	runtime_throw		Compound -= on mixed_t follows delegated numeric arithmetic, then writes the boxed result back into the lhs chained writable path.
mixed.hash.empty	mixed.float.zero		keyed_element			supported	throws	mixed_t	float.zero	true	subtract_assign.mixed.non_numeric	runtime_throw		Compound -= on mixed_t follows delegated numeric arithmetic, then writes the boxed result back into the lhs keyed element.
mixed.hash.empty	mixed.float.nonzero		assignable_variable			supported	throws	mixed_t	float.zero	true	subtract_assign.mixed.non_numeric	runtime_throw		Compound -= on mixed_t follows delegated numeric arithmetic, then writes the boxed result back into the lhs variable.
mixed.hash.empty	mixed.float.nonzero		member_property			supported	throws	mixed_t	float.zero	true	subtract_assign.mixed.non_numeric	runtime_throw		Compound -= on mixed_t follows delegated numeric arithmetic, then writes the boxed result back into the lhs member property.
mixed.hash.empty	mixed.float.nonzero		chained_writable_path			supported	throws	mixed_t	float.zero	true	subtract_assign.mixed.non_numeric	runtime_throw		Compound -= on mixed_t follows delegated numeric arithmetic, then writes the boxed result back into the lhs chained writable path.
mixed.hash.empty	mixed.float.nonzero		keyed_element			supported	throws	mixed_t	float.zero	true	subtract_assign.mixed.non_numeric	runtime_throw		Compound -= on mixed_t follows delegated numeric arithmetic, then writes the boxed result back into the lhs keyed element.
mixed.hash.empty	mixed.string.empty		assignable_variable			supported	throws	mixed_t	float.zero	true	subtract_assign.mixed.non_numeric	runtime_throw		Compound -= on mixed_t follows delegated numeric arithmetic, then writes the boxed result back into the lhs variable.
mixed.hash.empty	mixed.string.empty		member_property			supported	throws	mixed_t	float.zero	true	subtract_assign.mixed.non_numeric	runtime_throw		Compound -= on mixed_t follows delegated numeric arithmetic, then writes the boxed result back into the lhs member property.
mixed.hash.empty	mixed.string.empty		chained_writable_path			supported	throws	mixed_t	float.zero	true	subtract_assign.mixed.non_numeric	runtime_throw		Compound -= on mixed_t follows delegated numeric arithmetic, then writes the boxed result back into the lhs chained writable path.
mixed.hash.empty	mixed.string.empty		keyed_element			supported	throws	mixed_t	float.zero	true	subtract_assign.mixed.non_numeric	runtime_throw		Compound -= on mixed_t follows delegated numeric arithmetic, then writes the boxed result back into the lhs keyed element.
mixed.hash.empty	mixed.string.zero_string		assignable_variable			supported	throws	mixed_t	float.zero	true	subtract_assign.mixed.non_numeric	runtime_throw		Compound -= on mixed_t follows delegated numeric arithmetic, then writes the boxed result back into the lhs variable.
mixed.hash.empty	mixed.string.zero_string		member_property			supported	throws	mixed_t	float.zero	true	subtract_assign.mixed.non_numeric	runtime_throw		Compound -= on mixed_t follows delegated numeric arithmetic, then writes the boxed result back into the lhs member property.
mixed.hash.empty	mixed.string.zero_string		chained_writable_path			supported	throws	mixed_t	float.zero	true	subtract_assign.mixed.non_numeric	runtime_throw		Compound -= on mixed_t follows delegated numeric arithmetic, then writes the boxed result back into the lhs chained writable path.
mixed.hash.empty	mixed.string.zero_string		keyed_element			supported	throws	mixed_t	float.zero	true	subtract_assign.mixed.non_numeric	runtime_throw		Compound -= on mixed_t follows delegated numeric arithmetic, then writes the boxed result back into the lhs keyed element.
mixed.hash.empty	mixed.string.bool_false_literal		assignable_variable			supported	throws	mixed_t	float.zero	true	subtract_assign.mixed.non_numeric	runtime_throw		Compound -= on mixed_t follows delegated numeric arithmetic, then writes the boxed result back into the lhs variable.
mixed.hash.empty	mixed.string.bool_false_literal		member_property			supported	throws	mixed_t	float.zero	true	subtract_assign.mixed.non_numeric	runtime_throw		Compound -= on mixed_t follows delegated numeric arithmetic, then writes the boxed result back into the lhs member property.
mixed.hash.empty	mixed.string.bool_false_literal		chained_writable_path			supported	throws	mixed_t	float.zero	true	subtract_assign.mixed.non_numeric	runtime_throw		Compound -= on mixed_t follows delegated numeric arithmetic, then writes the boxed result back into the lhs chained writable path.
mixed.hash.empty	mixed.string.bool_false_literal		keyed_element			supported	throws	mixed_t	float.zero	true	subtract_assign.mixed.non_numeric	runtime_throw		Compound -= on mixed_t follows delegated numeric arithmetic, then writes the boxed result back into the lhs keyed element.
mixed.hash.empty	mixed.string.bool_true_literal		assignable_variable			supported	throws	mixed_t	float.zero	true	subtract_assign.mixed.non_numeric	runtime_throw		Compound -= on mixed_t follows delegated numeric arithmetic, then writes the boxed result back into the lhs variable.
mixed.hash.empty	mixed.string.bool_true_literal		member_property			supported	throws	mixed_t	float.zero	true	subtract_assign.mixed.non_numeric	runtime_throw		Compound -= on mixed_t follows delegated numeric arithmetic, then writes the boxed result back into the lhs member property.
mixed.hash.empty	mixed.string.bool_true_literal		chained_writable_path			supported	throws	mixed_t	float.zero	true	subtract_assign.mixed.non_numeric	runtime_throw		Compound -= on mixed_t follows delegated numeric arithmetic, then writes the boxed result back into the lhs chained writable path.
mixed.hash.empty	mixed.string.bool_true_literal		keyed_element			supported	throws	mixed_t	float.zero	true	subtract_assign.mixed.non_numeric	runtime_throw		Compound -= on mixed_t follows delegated numeric arithmetic, then writes the boxed result back into the lhs keyed element.
mixed.hash.empty	mixed.string.nonempty_nonzero_nonbool_literal		assignable_variable			supported	throws	mixed_t	float.zero	true	subtract_assign.mixed.non_numeric	runtime_throw		Compound -= on mixed_t follows delegated numeric arithmetic, then writes the boxed result back into the lhs variable.
mixed.hash.empty	mixed.string.nonempty_nonzero_nonbool_literal		member_property			supported	throws	mixed_t	float.zero	true	subtract_assign.mixed.non_numeric	runtime_throw		Compound -= on mixed_t follows delegated numeric arithmetic, then writes the boxed result back into the lhs member property.
mixed.hash.empty	mixed.string.nonempty_nonzero_nonbool_literal		chained_writable_path			supported	throws	mixed_t	float.zero	true	subtract_assign.mixed.non_numeric	runtime_throw		Compound -= on mixed_t follows delegated numeric arithmetic, then writes the boxed result back into the lhs chained writable path.
mixed.hash.empty	mixed.string.nonempty_nonzero_nonbool_literal		keyed_element			supported	throws	mixed_t	float.zero	true	subtract_assign.mixed.non_numeric	runtime_throw		Compound -= on mixed_t follows delegated numeric arithmetic, then writes the boxed result back into the lhs keyed element.
mixed.hash.empty	mixed.hash.empty		assignable_variable			supported	throws	mixed_t	float.zero	true	subtract_assign.mixed.non_numeric	runtime_throw		Compound -= on mixed_t follows delegated numeric arithmetic, then writes the boxed result back into the lhs variable.
mixed.hash.empty	mixed.hash.empty		member_property			supported	throws	mixed_t	float.zero	true	subtract_assign.mixed.non_numeric	runtime_throw		Compound -= on mixed_t follows delegated numeric arithmetic, then writes the boxed result back into the lhs member property.
mixed.hash.empty	mixed.hash.empty		chained_writable_path			supported	throws	mixed_t	float.zero	true	subtract_assign.mixed.non_numeric	runtime_throw		Compound -= on mixed_t follows delegated numeric arithmetic, then writes the boxed result back into the lhs chained writable path.
mixed.hash.empty	mixed.hash.empty		keyed_element			supported	throws	mixed_t	float.zero	true	subtract_assign.mixed.non_numeric	runtime_throw		Compound -= on mixed_t follows delegated numeric arithmetic, then writes the boxed result back into the lhs keyed element.
mixed.hash.empty	mixed.hash.nonempty		assignable_variable			supported	throws	mixed_t	float.zero	true	subtract_assign.mixed.non_numeric	runtime_throw		Compound -= on mixed_t follows delegated numeric arithmetic, then writes the boxed result back into the lhs variable.
mixed.hash.empty	mixed.hash.nonempty		member_property			supported	throws	mixed_t	float.zero	true	subtract_assign.mixed.non_numeric	runtime_throw		Compound -= on mixed_t follows delegated numeric arithmetic, then writes the boxed result back into the lhs member property.
mixed.hash.empty	mixed.hash.nonempty		chained_writable_path			supported	throws	mixed_t	float.zero	true	subtract_assign.mixed.non_numeric	runtime_throw		Compound -= on mixed_t follows delegated numeric arithmetic, then writes the boxed result back into the lhs chained writable path.
mixed.hash.empty	mixed.hash.nonempty		keyed_element			supported	throws	mixed_t	float.zero	true	subtract_assign.mixed.non_numeric	runtime_throw		Compound -= on mixed_t follows delegated numeric arithmetic, then writes the boxed result back into the lhs keyed element.
mixed.hash.nonempty	mixed.null		assignable_variable			supported	throws	mixed_t	float.zero	true	subtract_assign.mixed.non_numeric	runtime_throw		Compound -= on mixed_t follows delegated numeric arithmetic, then writes the boxed result back into the lhs variable.
mixed.hash.nonempty	mixed.null		member_property			supported	throws	mixed_t	float.zero	true	subtract_assign.mixed.non_numeric	runtime_throw		Compound -= on mixed_t follows delegated numeric arithmetic, then writes the boxed result back into the lhs member property.
mixed.hash.nonempty	mixed.null		chained_writable_path			supported	throws	mixed_t	float.zero	true	subtract_assign.mixed.non_numeric	runtime_throw		Compound -= on mixed_t follows delegated numeric arithmetic, then writes the boxed result back into the lhs chained writable path.
mixed.hash.nonempty	mixed.null		keyed_element			supported	throws	mixed_t	float.zero	true	subtract_assign.mixed.non_numeric	runtime_throw		Compound -= on mixed_t follows delegated numeric arithmetic, then writes the boxed result back into the lhs keyed element.
mixed.hash.nonempty	mixed.bool.false		assignable_variable			supported	throws	mixed_t	float.zero	true	subtract_assign.mixed.non_numeric	runtime_throw		Compound -= on mixed_t follows delegated numeric arithmetic, then writes the boxed result back into the lhs variable.
mixed.hash.nonempty	mixed.bool.false		member_property			supported	throws	mixed_t	float.zero	true	subtract_assign.mixed.non_numeric	runtime_throw		Compound -= on mixed_t follows delegated numeric arithmetic, then writes the boxed result back into the lhs member property.
mixed.hash.nonempty	mixed.bool.false		chained_writable_path			supported	throws	mixed_t	float.zero	true	subtract_assign.mixed.non_numeric	runtime_throw		Compound -= on mixed_t follows delegated numeric arithmetic, then writes the boxed result back into the lhs chained writable path.
mixed.hash.nonempty	mixed.bool.false		keyed_element			supported	throws	mixed_t	float.zero	true	subtract_assign.mixed.non_numeric	runtime_throw		Compound -= on mixed_t follows delegated numeric arithmetic, then writes the boxed result back into the lhs keyed element.
mixed.hash.nonempty	mixed.bool.true		assignable_variable			supported	throws	mixed_t	float.zero	true	subtract_assign.mixed.non_numeric	runtime_throw		Compound -= on mixed_t follows delegated numeric arithmetic, then writes the boxed result back into the lhs variable.
mixed.hash.nonempty	mixed.bool.true		member_property			supported	throws	mixed_t	float.zero	true	subtract_assign.mixed.non_numeric	runtime_throw		Compound -= on mixed_t follows delegated numeric arithmetic, then writes the boxed result back into the lhs member property.
mixed.hash.nonempty	mixed.bool.true		chained_writable_path			supported	throws	mixed_t	float.zero	true	subtract_assign.mixed.non_numeric	runtime_throw		Compound -= on mixed_t follows delegated numeric arithmetic, then writes the boxed result back into the lhs chained writable path.
mixed.hash.nonempty	mixed.bool.true		keyed_element			supported	throws	mixed_t	float.zero	true	subtract_assign.mixed.non_numeric	runtime_throw		Compound -= on mixed_t follows delegated numeric arithmetic, then writes the boxed result back into the lhs keyed element.
mixed.hash.nonempty	mixed.int.zero		assignable_variable			supported	throws	mixed_t	float.zero	true	subtract_assign.mixed.non_numeric	runtime_throw		Compound -= on mixed_t follows delegated numeric arithmetic, then writes the boxed result back into the lhs variable.
mixed.hash.nonempty	mixed.int.zero		member_property			supported	throws	mixed_t	float.zero	true	subtract_assign.mixed.non_numeric	runtime_throw		Compound -= on mixed_t follows delegated numeric arithmetic, then writes the boxed result back into the lhs member property.
mixed.hash.nonempty	mixed.int.zero		chained_writable_path			supported	throws	mixed_t	float.zero	true	subtract_assign.mixed.non_numeric	runtime_throw		Compound -= on mixed_t follows delegated numeric arithmetic, then writes the boxed result back into the lhs chained writable path.
mixed.hash.nonempty	mixed.int.zero		keyed_element			supported	throws	mixed_t	float.zero	true	subtract_assign.mixed.non_numeric	runtime_throw		Compound -= on mixed_t follows delegated numeric arithmetic, then writes the boxed result back into the lhs keyed element.
mixed.hash.nonempty	mixed.int.nonzero		assignable_variable			supported	throws	mixed_t	float.zero	true	subtract_assign.mixed.non_numeric	runtime_throw		Compound -= on mixed_t follows delegated numeric arithmetic, then writes the boxed result back into the lhs variable.
mixed.hash.nonempty	mixed.int.nonzero		member_property			supported	throws	mixed_t	float.zero	true	subtract_assign.mixed.non_numeric	runtime_throw		Compound -= on mixed_t follows delegated numeric arithmetic, then writes the boxed result back into the lhs member property.
mixed.hash.nonempty	mixed.int.nonzero		chained_writable_path			supported	throws	mixed_t	float.zero	true	subtract_assign.mixed.non_numeric	runtime_throw		Compound -= on mixed_t follows delegated numeric arithmetic, then writes the boxed result back into the lhs chained writable path.
mixed.hash.nonempty	mixed.int.nonzero		keyed_element			supported	throws	mixed_t	float.zero	true	subtract_assign.mixed.non_numeric	runtime_throw		Compound -= on mixed_t follows delegated numeric arithmetic, then writes the boxed result back into the lhs keyed element.
mixed.hash.nonempty	mixed.float.zero		assignable_variable			supported	throws	mixed_t	float.zero	true	subtract_assign.mixed.non_numeric	runtime_throw		Compound -= on mixed_t follows delegated numeric arithmetic, then writes the boxed result back into the lhs variable.
mixed.hash.nonempty	mixed.float.zero		member_property			supported	throws	mixed_t	float.zero	true	subtract_assign.mixed.non_numeric	runtime_throw		Compound -= on mixed_t follows delegated numeric arithmetic, then writes the boxed result back into the lhs member property.
mixed.hash.nonempty	mixed.float.zero		chained_writable_path			supported	throws	mixed_t	float.zero	true	subtract_assign.mixed.non_numeric	runtime_throw		Compound -= on mixed_t follows delegated numeric arithmetic, then writes the boxed result back into the lhs chained writable path.
mixed.hash.nonempty	mixed.float.zero		keyed_element			supported	throws	mixed_t	float.zero	true	subtract_assign.mixed.non_numeric	runtime_throw		Compound -= on mixed_t follows delegated numeric arithmetic, then writes the boxed result back into the lhs keyed element.
mixed.hash.nonempty	mixed.float.nonzero		assignable_variable			supported	throws	mixed_t	float.zero	true	subtract_assign.mixed.non_numeric	runtime_throw		Compound -= on mixed_t follows delegated numeric arithmetic, then writes the boxed result back into the lhs variable.
mixed.hash.nonempty	mixed.float.nonzero		member_property			supported	throws	mixed_t	float.zero	true	subtract_assign.mixed.non_numeric	runtime_throw		Compound -= on mixed_t follows delegated numeric arithmetic, then writes the boxed result back into the lhs member property.
mixed.hash.nonempty	mixed.float.nonzero		chained_writable_path			supported	throws	mixed_t	float.zero	true	subtract_assign.mixed.non_numeric	runtime_throw		Compound -= on mixed_t follows delegated numeric arithmetic, then writes the boxed result back into the lhs chained writable path.
mixed.hash.nonempty	mixed.float.nonzero		keyed_element			supported	throws	mixed_t	float.zero	true	subtract_assign.mixed.non_numeric	runtime_throw		Compound -= on mixed_t follows delegated numeric arithmetic, then writes the boxed result back into the lhs keyed element.
mixed.hash.nonempty	mixed.string.empty		assignable_variable			supported	throws	mixed_t	float.zero	true	subtract_assign.mixed.non_numeric	runtime_throw		Compound -= on mixed_t follows delegated numeric arithmetic, then writes the boxed result back into the lhs variable.
mixed.hash.nonempty	mixed.string.empty		member_property			supported	throws	mixed_t	float.zero	true	subtract_assign.mixed.non_numeric	runtime_throw		Compound -= on mixed_t follows delegated numeric arithmetic, then writes the boxed result back into the lhs member property.
mixed.hash.nonempty	mixed.string.empty		chained_writable_path			supported	throws	mixed_t	float.zero	true	subtract_assign.mixed.non_numeric	runtime_throw		Compound -= on mixed_t follows delegated numeric arithmetic, then writes the boxed result back into the lhs chained writable path.
mixed.hash.nonempty	mixed.string.empty		keyed_element			supported	throws	mixed_t	float.zero	true	subtract_assign.mixed.non_numeric	runtime_throw		Compound -= on mixed_t follows delegated numeric arithmetic, then writes the boxed result back into the lhs keyed element.
mixed.hash.nonempty	mixed.string.zero_string		assignable_variable			supported	throws	mixed_t	float.zero	true	subtract_assign.mixed.non_numeric	runtime_throw		Compound -= on mixed_t follows delegated numeric arithmetic, then writes the boxed result back into the lhs variable.
mixed.hash.nonempty	mixed.string.zero_string		member_property			supported	throws	mixed_t	float.zero	true	subtract_assign.mixed.non_numeric	runtime_throw		Compound -= on mixed_t follows delegated numeric arithmetic, then writes the boxed result back into the lhs member property.
mixed.hash.nonempty	mixed.string.zero_string		chained_writable_path			supported	throws	mixed_t	float.zero	true	subtract_assign.mixed.non_numeric	runtime_throw		Compound -= on mixed_t follows delegated numeric arithmetic, then writes the boxed result back into the lhs chained writable path.
mixed.hash.nonempty	mixed.string.zero_string		keyed_element			supported	throws	mixed_t	float.zero	true	subtract_assign.mixed.non_numeric	runtime_throw		Compound -= on mixed_t follows delegated numeric arithmetic, then writes the boxed result back into the lhs keyed element.
mixed.hash.nonempty	mixed.string.bool_false_literal		assignable_variable			supported	throws	mixed_t	float.zero	true	subtract_assign.mixed.non_numeric	runtime_throw		Compound -= on mixed_t follows delegated numeric arithmetic, then writes the boxed result back into the lhs variable.
mixed.hash.nonempty	mixed.string.bool_false_literal		member_property			supported	throws	mixed_t	float.zero	true	subtract_assign.mixed.non_numeric	runtime_throw		Compound -= on mixed_t follows delegated numeric arithmetic, then writes the boxed result back into the lhs member property.
mixed.hash.nonempty	mixed.string.bool_false_literal		chained_writable_path			supported	throws	mixed_t	float.zero	true	subtract_assign.mixed.non_numeric	runtime_throw		Compound -= on mixed_t follows delegated numeric arithmetic, then writes the boxed result back into the lhs chained writable path.
mixed.hash.nonempty	mixed.string.bool_false_literal		keyed_element			supported	throws	mixed_t	float.zero	true	subtract_assign.mixed.non_numeric	runtime_throw		Compound -= on mixed_t follows delegated numeric arithmetic, then writes the boxed result back into the lhs keyed element.
mixed.hash.nonempty	mixed.string.bool_true_literal		assignable_variable			supported	throws	mixed_t	float.zero	true	subtract_assign.mixed.non_numeric	runtime_throw		Compound -= on mixed_t follows delegated numeric arithmetic, then writes the boxed result back into the lhs variable.
mixed.hash.nonempty	mixed.string.bool_true_literal		member_property			supported	throws	mixed_t	float.zero	true	subtract_assign.mixed.non_numeric	runtime_throw		Compound -= on mixed_t follows delegated numeric arithmetic, then writes the boxed result back into the lhs member property.
mixed.hash.nonempty	mixed.string.bool_true_literal		chained_writable_path			supported	throws	mixed_t	float.zero	true	subtract_assign.mixed.non_numeric	runtime_throw		Compound -= on mixed_t follows delegated numeric arithmetic, then writes the boxed result back into the lhs chained writable path.
mixed.hash.nonempty	mixed.string.bool_true_literal		keyed_element			supported	throws	mixed_t	float.zero	true	subtract_assign.mixed.non_numeric	runtime_throw		Compound -= on mixed_t follows delegated numeric arithmetic, then writes the boxed result back into the lhs keyed element.
mixed.hash.nonempty	mixed.string.nonempty_nonzero_nonbool_literal		assignable_variable			supported	throws	mixed_t	float.zero	true	subtract_assign.mixed.non_numeric	runtime_throw		Compound -= on mixed_t follows delegated numeric arithmetic, then writes the boxed result back into the lhs variable.
mixed.hash.nonempty	mixed.string.nonempty_nonzero_nonbool_literal		member_property			supported	throws	mixed_t	float.zero	true	subtract_assign.mixed.non_numeric	runtime_throw		Compound -= on mixed_t follows delegated numeric arithmetic, then writes the boxed result back into the lhs member property.
mixed.hash.nonempty	mixed.string.nonempty_nonzero_nonbool_literal		chained_writable_path			supported	throws	mixed_t	float.zero	true	subtract_assign.mixed.non_numeric	runtime_throw		Compound -= on mixed_t follows delegated numeric arithmetic, then writes the boxed result back into the lhs chained writable path.
mixed.hash.nonempty	mixed.string.nonempty_nonzero_nonbool_literal		keyed_element			supported	throws	mixed_t	float.zero	true	subtract_assign.mixed.non_numeric	runtime_throw		Compound -= on mixed_t follows delegated numeric arithmetic, then writes the boxed result back into the lhs keyed element.
mixed.hash.nonempty	mixed.hash.empty		assignable_variable			supported	throws	mixed_t	float.zero	true	subtract_assign.mixed.non_numeric	runtime_throw		Compound -= on mixed_t follows delegated numeric arithmetic, then writes the boxed result back into the lhs variable.
mixed.hash.nonempty	mixed.hash.empty		member_property			supported	throws	mixed_t	float.zero	true	subtract_assign.mixed.non_numeric	runtime_throw		Compound -= on mixed_t follows delegated numeric arithmetic, then writes the boxed result back into the lhs member property.
mixed.hash.nonempty	mixed.hash.empty		chained_writable_path			supported	throws	mixed_t	float.zero	true	subtract_assign.mixed.non_numeric	runtime_throw		Compound -= on mixed_t follows delegated numeric arithmetic, then writes the boxed result back into the lhs chained writable path.
mixed.hash.nonempty	mixed.hash.empty		keyed_element			supported	throws	mixed_t	float.zero	true	subtract_assign.mixed.non_numeric	runtime_throw		Compound -= on mixed_t follows delegated numeric arithmetic, then writes the boxed result back into the lhs keyed element.
mixed.hash.nonempty	mixed.hash.nonempty		assignable_variable			supported	throws	mixed_t	float.zero	true	subtract_assign.mixed.non_numeric	runtime_throw		Compound -= on mixed_t follows delegated numeric arithmetic, then writes the boxed result back into the lhs variable.
mixed.hash.nonempty	mixed.hash.nonempty		member_property			supported	throws	mixed_t	float.zero	true	subtract_assign.mixed.non_numeric	runtime_throw		Compound -= on mixed_t follows delegated numeric arithmetic, then writes the boxed result back into the lhs member property.
mixed.hash.nonempty	mixed.hash.nonempty		chained_writable_path			supported	throws	mixed_t	float.zero	true	subtract_assign.mixed.non_numeric	runtime_throw		Compound -= on mixed_t follows delegated numeric arithmetic, then writes the boxed result back into the lhs chained writable path.
mixed.hash.nonempty	mixed.hash.nonempty		keyed_element			supported	throws	mixed_t	float.zero	true	subtract_assign.mixed.non_numeric	runtime_throw		Compound -= on mixed_t follows delegated numeric arithmetic, then writes the boxed result back into the lhs keyed element.
